date,country,category,rank,title
2025-01-01,world,TV,1,Carry-On
2025-01-01,world,TV,2,The Six Triple Eight
2025-01-01,world,TV,3,Godzilla x Kong: The New Empire
2025-01-01,world,TV,4,Dune: Part Two
2025-01-01,world,TV,5,The Watchers
2025-01-01,world,TV,6,The Forge
2025-01-01,world,TV,7,Furiosa: A Mad Max Saga
2025-01-01,world,TV,8,Mad Max: Fury Road
2025-01-01,world,TV,9,It Ends with Us
2025-01-01,world,TV,10,Horizon: An American Saga - Chapter 1
2025-01-02,world,TV,1,Carry-On
2025-01-02,world,TV,2,The Six Triple Eight
2025-01-02,world,TV,3,Interstellar
2025-01-02,world,TV,4,The Watchers
2025-01-02,world,TV,5,Dune: Part Two
2025-01-02,world,TV,6,Godzilla x Kong: The New Empire
2025-01-02,world,TV,7,In the Heart of the Sea
2025-01-02,world,TV,8,Furiosa: A Mad Max Saga
2025-01-02,world,TV,9,The SpongeBob Movie: Sponge Out of Water
2025-01-02,world,TV,10,Horizon: An American Saga - Chapter 1
2025-01-03,world,TV,1,Carry-On
2025-01-03,world,TV,2,In the Heart of the Sea
2025-01-03,world,TV,3,Interstellar
2025-01-03,world,TV,4,Horizon: An American Saga - Chapter 1
2025-01-03,world,TV,5,The SpongeBob Movie: Sponge Out of Water
2025-01-03,world,TV,6,The Six Triple Eight
2025-01-03,world,TV,7,Furiosa: A Mad Max Saga
2025-01-03,world,TV,8,The Watchers
2025-01-03,world,TV,9,Dune: Part Two
2025-01-03,world,TV,10,Godzilla x Kong: The New Empire
2025-01-04,world,TV,1,In the Heart of the Sea
2025-01-04,world,TV,2,Horizon: An American Saga - Chapter 1
2025-01-04,world,TV,3,Carry-On
2025-01-04,world,TV,4,Furiosa: A Mad Max Saga
2025-01-04,world,TV,5,Interstellar
2025-01-04,world,TV,6,The Watchers
2025-01-04,world,TV,7,The SpongeBob Movie: Sponge Out of Water
2025-01-04,world,TV,8,The Six Triple Eight
2025-01-04,world,TV,9,Godzilla x Kong: The New Empire
2025-01-04,world,TV,10,Dune: Part Two
2025-01-05,world,TV,1,In the Heart of the Sea
2025-01-05,world,TV,2,Horizon: An American Saga - Chapter 1
2025-01-05,world,TV,3,Furiosa: A Mad Max Saga
2025-01-05,world,TV,4,Carry-On
2025-01-05,world,TV,5,The Watchers
2025-01-05,world,TV,6,Interstellar
2025-01-05,world,TV,7,The Six Triple Eight
2025-01-05,world,TV,8,The SpongeBob Movie: Sponge Out of Water
2025-01-05,world,TV,9,Despicable Me
2025-01-05,world,TV,10,Despicable Me 2
2025-01-06,world,TV,1,In the Heart of the Sea
2025-01-06,world,TV,2,Horizon: An American Saga - Chapter 1
2025-01-06,world,TV,3,Furiosa: A Mad Max Saga
2025-01-06,world,TV,4,The Watchers
2025-01-06,world,TV,5,Despicable Me
2025-01-06,world,TV,6,Despicable Me 2
2025-01-06,world,TV,7,Carry-On
2025-01-06,world,TV,8,Interstellar
2025-01-06,world,TV,9,The SpongeBob Movie: Sponge Out of Water
2025-01-06,world,TV,10,The Six Triple Eight
2025-01-07,world,TV,1,In the Heart of the Sea
2025-01-07,world,TV,2,Horizon: An American Saga - Chapter 1
2025-01-07,world,TV,3,Despicable Me
2025-01-07,world,TV,4,Despicable Me 2
2025-01-07,world,TV,5,Furiosa: A Mad Max Saga
2025-01-07,world,TV,6,The Watchers
2025-01-07,world,TV,7,Carry-On
2025-01-07,world,TV,8,The SpongeBob Movie: Sponge Out of Water
2025-01-07,world,TV,9,Rush Hour
2025-01-07,world,TV,10,Interstellar
2025-01-08,world,TV,1,Despicable Me 2
2025-01-08,world,TV,2,Despicable Me
2025-01-08,world,TV,3,In the Heart of the Sea
2025-01-08,world,TV,4,Horizon: An American Saga - Chapter 1
2025-01-08,world,TV,5,Rush Hour
2025-01-08,world,TV,6,Furiosa: A Mad Max Saga
2025-01-08,world,TV,7,Due Date
2025-01-08,world,TV,8,The Watchers
2025-01-08,world,TV,9,The SpongeBob Movie: Sponge Out of Water
2025-01-08,world,TV,10,Carry-On
2025-01-09,world,TV,1,Despicable Me 2
2025-01-09,world,TV,2,Despicable Me
2025-01-09,world,TV,3,Rush Hour
2025-01-09,world,TV,4,Due Date
2025-01-09,world,TV,5,Horizon: An American Saga - Chapter 1
2025-01-09,world,TV,6,In the Heart of the Sea
2025-01-09,world,TV,7,Furiosa: A Mad Max Saga
2025-01-09,world,TV,8,The Watchers
2025-01-09,world,TV,9,The SpongeBob Movie: Sponge Out of Water
2025-01-09,world,TV,10,Rush Hour 2
2025-01-10,world,TV,1,Despicable Me 2
2025-01-10,world,TV,2,Despicable Me
2025-01-10,world,TV,3,Rush Hour
2025-01-10,world,TV,4,Due Date
2025-01-10,world,TV,5,Horizon: An American Saga - Chapter 1
2025-01-10,world,TV,6,Rush Hour 2
2025-01-10,world,TV,7,In the Heart of the Sea
2025-01-10,world,TV,8,Hotel Transylvania 2
2025-01-10,world,TV,9,Furiosa: A Mad Max Saga
2025-01-10,world,TV,10,The Watchers
2025-01-11,world,TV,1,Despicable Me 2
2025-01-11,world,TV,2,Despicable Me
2025-01-11,world,TV,3,Ad Vitam
2025-01-11,world,TV,4,Rush Hour
2025-01-11,world,TV,5,Due Date
2025-01-11,world,TV,6,Horizon: An American Saga - Chapter 1
2025-01-11,world,TV,7,Rush Hour 2
2025-01-11,world,TV,8,Hotel Transylvania 2
2025-01-11,world,TV,9,The Watchers
2025-01-11,world,TV,10,Rush Hour 3
2025-01-13,world,TV,1,Ad Vitam
2025-01-13,world,TV,2,Despicable Me 2
2025-01-13,world,TV,3,Despicable Me
2025-01-13,world,TV,4,Rush Hour
2025-01-13,world,TV,5,Due Date
2025-01-13,world,TV,6,Hotel Transylvania 2
2025-01-13,world,TV,7,The Age of Adaline
2025-01-13,world,TV,8,Rush Hour 2
2025-01-13,world,TV,9,Rush Hour 3
2025-01-13,world,TV,10,Horizon: An American Saga - Chapter 1
2025-01-14,world,TV,1,Ad Vitam
2025-01-14,world,TV,2,Despicable Me 2
2025-01-14,world,TV,3,Despicable Me
2025-01-14,world,TV,4,Rush Hour
2025-01-14,world,TV,5,Hotel Transylvania 2
2025-01-14,world,TV,6,The Age of Adaline
2025-01-14,world,TV,7,Rush Hour 2
2025-01-14,world,TV,8,Due Date
2025-01-14,world,TV,9,Rush Hour 3
2025-01-14,world,TV,10,The Secret Life of Pets
2025-01-15,world,TV,1,Ad Vitam
2025-01-15,world,TV,2,Despicable Me 2
2025-01-15,world,TV,3,Despicable Me
2025-01-15,world,TV,4,Rush Hour
2025-01-15,world,TV,5,Hotel Transylvania 2
2025-01-15,world,TV,6,The Age of Adaline
2025-01-15,world,TV,7,Rush Hour 2
2025-01-15,world,TV,8,The Secret Life of Pets
2025-01-15,world,TV,9,Rush Hour 3
2025-01-15,world,TV,10,Due Date
2025-01-16,world,TV,1,Ad Vitam
2025-01-16,world,TV,2,Despicable Me 2
2025-01-16,world,TV,3,Despicable Me
2025-01-16,world,TV,4,Rush Hour
2025-01-16,world,TV,5,Hotel Transylvania 2
2025-01-16,world,TV,6,Hereditary
2025-01-16,world,TV,7,Rush Hour 2
2025-01-16,world,TV,8,The Age of Adaline
2025-01-16,world,TV,9,The Secret Life of Pets
2025-01-16,world,TV,10,Rush Hour 3
2025-01-17,world,TV,1,Ad Vitam
2025-01-17,world,TV,2,Despicable Me 2
2025-01-17,world,TV,3,Despicable Me
2025-01-17,world,TV,4,The Unbearable Weight of Massive Talent
2025-01-17,world,TV,5,Rush Hour
2025-01-17,world,TV,6,Hotel Transylvania 2
2025-01-17,world,TV,7,The Secret Life of Pets
2025-01-17,world,TV,8,Hereditary
2025-01-17,world,TV,9,Rush Hour 2
2025-01-17,world,TV,10,The Age of Adaline
2025-01-18,world,TV,1,Back in Action
2025-01-18,world,TV,2,Ad Vitam
2025-01-18,world,TV,3,Despicable Me 2
2025-01-18,world,TV,4,Despicable Me
2025-01-18,world,TV,5,The Unbearable Weight of Massive Talent
2025-01-18,world,TV,6,Hotel Transylvania 2
2025-01-18,world,TV,7,Rush Hour
2025-01-18,world,TV,8,Hereditary
2025-01-18,world,TV,9,The Secret Life of Pets
2025-01-18,world,TV,10,The Boss Baby
2025-01-19,world,TV,1,Back in Action
2025-01-19,world,TV,2,Ad Vitam
2025-01-19,world,TV,3,Despicable Me 2
2025-01-19,world,TV,4,Despicable Me
2025-01-19,world,TV,5,Hotel Transylvania 2
2025-01-19,world,TV,6,The Unbearable Weight of Massive Talent
2025-01-19,world,TV,7,Hereditary
2025-01-19,world,TV,8,Rush Hour
2025-01-19,world,TV,9,The Secret Life of Pets
2025-01-19,world,TV,10,The Boss Baby
2025-01-20,world,TV,1,Back in Action
2025-01-20,world,TV,2,Ad Vitam
2025-01-20,world,TV,3,Despicable Me 2
2025-01-20,world,TV,4,Despicable Me
2025-01-20,world,TV,5,The Unbearable Weight of Massive Talent
2025-01-20,world,TV,6,Hotel Transylvania 2
2025-01-20,world,TV,7,Hereditary
2025-01-20,world,TV,8,Rush Hour
2025-01-20,world,TV,9,The Secret Life of Pets
2025-01-20,world,TV,10,The Boss Baby
2025-01-21,world,TV,1,Back in Action
2025-01-21,world,TV,2,Despicable Me 2
2025-01-21,world,TV,3,Despicable Me
2025-01-21,world,TV,4,Ad Vitam
2025-01-21,world,TV,5,Hotel Transylvania 2
2025-01-21,world,TV,6,The Secret Life of Pets
2025-01-21,world,TV,7,The Unbearable Weight of Massive Talent
2025-01-21,world,TV,8,Hereditary
2025-01-21,world,TV,9,Trolls Band Together
2025-01-21,world,TV,10,Rush Hour
2025-01-22,world,TV,1,Back in Action
2025-01-22,world,TV,2,You Gotta Believe
2025-01-22,world,TV,3,Despicable Me 2
2025-01-22,world,TV,4,Despicable Me
2025-01-22,world,TV,5,Ad Vitam
2025-01-22,world,TV,6,Hotel Transylvania 2
2025-01-22,world,TV,7,The Secret Life of Pets
2025-01-22,world,TV,8,The Unbearable Weight of Massive Talent
2025-01-22,world,TV,9,Trolls Band Together
2025-01-22,world,TV,10,The Boss Baby
2025-01-23,world,TV,1,Back in Action
2025-01-23,world,TV,2,You Gotta Believe
2025-01-23,world,TV,3,Despicable Me 2
2025-01-23,world,TV,4,Despicable Me
2025-01-23,world,TV,5,Hotel Transylvania 2
2025-01-23,world,TV,6,The Secret Life of Pets
2025-01-23,world,TV,7,Ad Vitam
2025-01-23,world,TV,8,The Boss Baby
2025-01-23,world,TV,9,The Unbearable Weight of Massive Talent
2025-01-23,world,TV,10,Trolls Band Together
2025-01-24,world,TV,1,Back in Action
2025-01-24,world,TV,2,You Gotta Believe
2025-01-24,world,TV,3,Despicable Me 2
2025-01-24,world,TV,4,Despicable Me
2025-01-24,world,TV,5,Hotel Transylvania 2
2025-01-24,world,TV,6,The Secret Life of Pets
2025-01-24,world,TV,7,The Boss Baby
2025-01-24,world,TV,8,Trolls Band Together
2025-01-24,world,TV,9,Ad Vitam
2025-01-24,world,TV,10,The Unbearable Weight of Massive Talent
2025-01-25,world,TV,1,Back in Action
2025-01-25,world,TV,2,You Gotta Believe
2025-01-25,world,TV,3,Despicable Me 2
2025-01-25,world,TV,4,Despicable Me
2025-01-25,world,TV,5,The Sand Castle
2025-01-25,world,TV,6,The Secret Life of Pets
2025-01-25,world,TV,7,Hotel Transylvania 2
2025-01-25,world,TV,8,The Boss Baby
2025-01-25,world,TV,9,Trolls Band Together
2025-01-25,world,TV,10,Ad Vitam
2025-01-26,world,TV,1,Back in Action
2025-01-26,world,TV,2,Scream VI
2025-01-26,world,TV,3,You Gotta Believe
2025-01-26,world,TV,4,Saturday Night
2025-01-26,world,TV,5,Despicable Me 2
2025-01-26,world,TV,6,Despicable Me
2025-01-26,world,TV,7,The Sand Castle
2025-01-26,world,TV,8,The Secret Life of Pets
2025-01-26,world,TV,9,Hotel Transylvania 2
2025-01-26,world,TV,10,Trolls Band Together
2025-01-27,world,TV,1,Back in Action
2025-01-27,world,TV,2,Scream VI
2025-01-27,world,TV,3,Despicable Me 2
2025-01-27,world,TV,4,Saturday Night
2025-01-27,world,TV,5,You Gotta Believe
2025-01-27,world,TV,6,The Sand Castle
2025-01-27,world,TV,7,You Hurt My Feelings
2025-01-27,world,TV,8,Despicable Me
2025-01-27,world,TV,9,The Secret Life of Pets
2025-01-27,world,TV,10,Hotel Transylvania 2
2025-01-28,world,TV,1,Back in Action
2025-01-28,world,TV,2,Scream VI
2025-01-28,world,TV,3,Despicable Me 2
2025-01-28,world,TV,4,Saturday Night
2025-01-28,world,TV,5,You Hurt My Feelings
2025-01-28,world,TV,6,You Gotta Believe
2025-01-28,world,TV,7,The Sand Castle
2025-01-28,world,TV,8,Despicable Me
2025-01-28,world,TV,9,The Secret Life of Pets
2025-01-28,world,TV,10,The Boss Baby
2025-01-29,world,TV,1,Back in Action
2025-01-29,world,TV,2,Scream VI
2025-01-29,world,TV,3,Despicable Me 2
2025-01-29,world,TV,4,Saturday Night
2025-01-29,world,TV,5,Despicable Me
2025-01-29,world,TV,6,The Boss Baby
2025-01-29,world,TV,7,You Gotta Believe
2025-01-29,world,TV,8,The Secret Life of Pets
2025-01-29,world,TV,9,You Hurt My Feelings
2025-01-29,world,TV,10,Trolls Band Together
2025-01-30,world,TV,1,Back in Action
2025-01-30,world,TV,2,Despicable Me 2
2025-01-30,world,TV,3,Scream VI
2025-01-30,world,TV,4,Saturday Night
2025-01-30,world,TV,5,Despicable Me
2025-01-30,world,TV,6,You Hurt My Feelings
2025-01-30,world,TV,7,The Boss Baby
2025-01-30,world,TV,8,The Menu
2025-01-30,world,TV,9,The Secret Life of Pets
2025-01-30,world,TV,10,Trolls Band Together
2025-01-31,world,TV,1,Back in Action
2025-01-31,world,TV,2,Here
2025-01-31,world,TV,3,Despicable Me 2
2025-01-31,world,TV,4,The Menu
2025-01-31,world,TV,5,Scream VI
2025-01-31,world,TV,6,Despicable Me
2025-01-31,world,TV,7,The Boss Baby
2025-01-31,world,TV,8,Saturday Night
2025-01-31,world,TV,9,The Secret Life of Pets
2025-01-31,world,TV,10,Trolls Band Together
2025-02-01,world,TV,1,Back in Action
2025-02-01,world,TV,2,Here
2025-02-01,world,TV,3,The Menu
2025-02-01,world,TV,4,Lucca's World
2025-02-01,world,TV,5,Scream VI
2025-02-01,world,TV,6,The Boss Baby
2025-02-01,world,TV,7,Saturday Night
2025-02-01,world,TV,8,The Secret Life of Pets
2025-02-01,world,TV,9,Trolls Band Together
2025-02-01,world,TV,10,Minions
2025-02-02,world,TV,1,Back in Action
2025-02-02,world,TV,2,Renegades
2025-02-02,world,TV,3,The Menu
2025-02-02,world,TV,4,Lucca's World
2025-02-02,world,TV,5,Here
2025-02-02,world,TV,6,"You, Me and Dupree"
2025-02-02,world,TV,7,Scream VI
2025-02-02,world,TV,8,The Boss Baby
2025-02-02,world,TV,9,Minions
2025-02-02,world,TV,10,The Secret Life of Pets
2025-02-03,world,TV,1,The Menu
2025-02-03,world,TV,2,Back in Action
2025-02-03,world,TV,3,Renegades
2025-02-03,world,TV,4,Lucca's World
2025-02-03,world,TV,5,Here
2025-02-03,world,TV,6,"You, Me and Dupree"
2025-02-03,world,TV,7,The Boss Baby
2025-02-03,world,TV,8,Fallen
2025-02-03,world,TV,9,Minions
2025-02-03,world,TV,10,The Secret Life of Pets
2025-02-04,world,TV,1,The Menu
2025-02-04,world,TV,2,Renegades
2025-02-04,world,TV,3,Back in Action
2025-02-04,world,TV,4,Fallen
2025-02-04,world,TV,5,Lucca's World
2025-02-04,world,TV,6,Bogotá: City of the Lost
2025-02-04,world,TV,7,"You, Me and Dupree"
2025-02-04,world,TV,8,The Boss Baby
2025-02-04,world,TV,9,Here
2025-02-04,world,TV,10,Minions
2025-02-05,world,TV,1,The Menu
2025-02-05,world,TV,2,Renegades
2025-02-05,world,TV,3,Back in Action
2025-02-05,world,TV,4,Fallen
2025-02-05,world,TV,5,"You, Me and Dupree"
2025-02-05,world,TV,6,Lucca's World
2025-02-05,world,TV,7,Bogotá: City of the Lost
2025-02-05,world,TV,8,The Boss Baby
2025-02-05,world,TV,9,Minions
2025-02-05,world,TV,10,The Secret Life of Pets
2025-02-06,world,TV,1,Kinda Pregnant
2025-02-06,world,TV,2,The Menu
2025-02-06,world,TV,3,Renegades
2025-02-06,world,TV,4,Back in Action
2025-02-06,world,TV,5,Fallen
2025-02-06,world,TV,6,The Boss Baby
2025-02-06,world,TV,7,Minions
2025-02-06,world,TV,8,"You, Me and Dupree"
2025-02-06,world,TV,9,The Secret Life of Pets
2025-02-06,world,TV,10,Bogotá: City of the Lost
2025-02-07,world,TV,1,Kinda Pregnant
2025-02-07,world,TV,2,The Menu
2025-02-07,world,TV,3,Back in Action
2025-02-07,world,TV,4,Renegades
2025-02-07,world,TV,5,Fallen
2025-02-07,world,TV,6,The Boss Baby
2025-02-07,world,TV,7,Miss Congeniality
2025-02-07,world,TV,8,Minions
2025-02-07,world,TV,9,The Secret Life of Pets
2025-02-07,world,TV,10,Bogotá: City of the Lost
2025-02-08,world,TV,1,Kinda Pregnant
2025-02-08,world,TV,2,The Menu
2025-02-08,world,TV,3,Back in Action
2025-02-08,world,TV,4,Miss Congeniality
2025-02-08,world,TV,5,Fallen
2025-02-08,world,TV,6,Renegades
2025-02-08,world,TV,7,The Boss Baby
2025-02-08,world,TV,8,How to Train Your Dragon 2
2025-02-08,world,TV,9,Minions
2025-02-08,world,TV,10,How to Train Your Dragon
2025-02-09,world,TV,1,Kinda Pregnant
2025-02-09,world,TV,2,The Menu
2025-02-09,world,TV,3,Back in Action
2025-02-09,world,TV,4,Miss Congeniality
2025-02-09,world,TV,5,Fallen
2025-02-09,world,TV,6,How to Train Your Dragon 2
2025-02-09,world,TV,7,How to Train Your Dragon
2025-02-09,world,TV,8,Renegades
2025-02-09,world,TV,9,Spencer
2025-02-09,world,TV,10,Minions
2025-02-10,world,TV,1,Kinda Pregnant
2025-02-10,world,TV,2,Uncle Drew
2025-02-10,world,TV,3,The Menu
2025-02-10,world,TV,4,Miss Congeniality
2025-02-10,world,TV,5,Back in Action
2025-02-10,world,TV,6,How to Train Your Dragon 2
2025-02-10,world,TV,7,How to Train Your Dragon
2025-02-10,world,TV,8,Fallen
2025-02-10,world,TV,9,Richie Rich
2025-02-10,world,TV,10,Minions
2025-02-11,world,TV,1,Kinda Pregnant
2025-02-11,world,TV,2,Aftermath
2025-02-11,world,TV,3,Uncle Drew
2025-02-11,world,TV,4,The Menu
2025-02-11,world,TV,5,Miss Congeniality
2025-02-11,world,TV,6,How to Train Your Dragon 2
2025-02-11,world,TV,7,Richie Rich
2025-02-11,world,TV,8,How to Train Your Dragon
2025-02-11,world,TV,9,Back in Action
2025-02-11,world,TV,10,Sing
2025-02-12,world,TV,1,Aftermath
2025-02-12,world,TV,2,Kinda Pregnant
2025-02-12,world,TV,3,Uncle Drew
2025-02-12,world,TV,4,The Witcher: Sirens of the Deep
2025-02-12,world,TV,5,The Menu
2025-02-12,world,TV,6,Back in Action
2025-02-12,world,TV,7,Miss Congeniality
2025-02-12,world,TV,8,Richie Rich
2025-02-12,world,TV,9,How to Train Your Dragon 2
2025-02-12,world,TV,10,Sing
2025-02-13,world,TV,1,Aftermath
2025-02-13,world,TV,2,Kinda Pregnant
2025-02-13,world,TV,3,Uncle Drew
2025-02-13,world,TV,4,The Menu
2025-02-13,world,TV,5,Rogue Agent
2025-02-13,world,TV,6,Miss Congeniality
2025-02-13,world,TV,7,Rambo: Last Blood
2025-02-13,world,TV,8,The Witcher: Sirens of the Deep
2025-02-13,world,TV,9,Richie Rich
2025-02-13,world,TV,10,Honeymoon Crasher
2025-02-14,world,TV,1,La Dolce Villa
2025-02-14,world,TV,2,Aftermath
2025-02-14,world,TV,3,Kinda Pregnant
2025-02-14,world,TV,4,Trial by Fire
2025-02-14,world,TV,5,Rambo: Last Blood
2025-02-14,world,TV,6,Uncle Drew
2025-02-14,world,TV,7,Sing
2025-02-14,world,TV,8,The Menu
2025-02-14,world,TV,9,Miss Congeniality
2025-02-14,world,TV,10,Honeymoon Crasher
2025-02-15,world,TV,1,La Dolce Villa
2025-02-15,world,TV,2,Aftermath
2025-02-15,world,TV,3,Trial by Fire
2025-02-15,world,TV,4,Kinda Pregnant
2025-02-15,world,TV,5,Rambo: Last Blood
2025-02-15,world,TV,6,Honeymoon Crasher
2025-02-15,world,TV,7,Uncle Drew
2025-02-15,world,TV,8,Sing
2025-02-15,world,TV,9,Rambo
2025-02-15,world,TV,10,Miss Congeniality
2025-02-16,world,TV,1,La Dolce Villa
2025-02-16,world,TV,2,Aftermath
2025-02-16,world,TV,3,Trial by Fire
2025-02-16,world,TV,4,Kinda Pregnant
2025-02-16,world,TV,5,Rambo: Last Blood
2025-02-16,world,TV,6,Honeymoon Crasher
2025-02-16,world,TV,7,Uncle Drew
2025-02-16,world,TV,8,Rambo
2025-02-16,world,TV,9,Sing
2025-02-16,world,TV,10,Back in Action
2025-02-17,world,TV,1,La Dolce Villa
2025-02-17,world,TV,2,Aftermath
2025-02-17,world,TV,3,Trial by Fire
2025-02-17,world,TV,4,Don't Let Go
2025-02-17,world,TV,5,Honeymoon Crasher
2025-02-17,world,TV,6,Kinda Pregnant
2025-02-17,world,TV,7,Rambo: Last Blood
2025-02-17,world,TV,8,Rambo
2025-02-17,world,TV,9,Uncle Drew
2025-02-17,world,TV,10,Back in Action
2025-02-18,world,TV,1,La Dolce Villa
2025-02-18,world,TV,2,Aftermath
2025-02-18,world,TV,3,Trial by Fire
2025-02-18,world,TV,4,Don't Let Go
2025-02-18,world,TV,5,Honeymoon Crasher
2025-02-18,world,TV,6,Kinda Pregnant
2025-02-18,world,TV,7,Rambo: Last Blood
2025-02-18,world,TV,8,Sing
2025-02-18,world,TV,9,Rambo
2025-02-18,world,TV,10,Heart of Champions
2025-02-19,world,TV,1,Trial by Fire
2025-02-19,world,TV,2,La Dolce Villa
2025-02-19,world,TV,3,Aftermath
2025-02-19,world,TV,4,Don't Let Go
2025-02-19,world,TV,5,Honeymoon Crasher
2025-02-19,world,TV,6,Heart of Champions
2025-02-19,world,TV,7,Rambo: Last Blood
2025-02-19,world,TV,8,Sing
2025-02-19,world,TV,9,Kinda Pregnant
2025-02-19,world,TV,10,Rambo
2025-02-20,world,TV,1,To Catch a Killer
2025-02-20,world,TV,2,Trial by Fire
2025-02-20,world,TV,3,La Dolce Villa
2025-02-20,world,TV,4,Aftermath
2025-02-20,world,TV,5,Don't Let Go
2025-02-20,world,TV,6,Honeymoon Crasher
2025-02-20,world,TV,7,Heart of Champions
2025-02-20,world,TV,8,Sing
2025-02-20,world,TV,9,Rambo: Last Blood
2025-02-20,world,TV,10,Kinda Pregnant
2025-02-21,world,TV,1,To Catch a Killer
2025-02-21,world,TV,2,Trial by Fire
2025-02-21,world,TV,3,La Dolce Villa
2025-02-21,world,TV,4,Aftermath
2025-02-21,world,TV,5,Don't Let Go
2025-02-21,world,TV,6,Sing
2025-02-21,world,TV,7,Ted 2
2025-02-21,world,TV,8,Honeymoon Crasher
2025-02-21,world,TV,9,Minions
2025-02-21,world,TV,10,Rambo: Last Blood
2025-02-22,world,TV,1,To Catch a Killer
2025-02-22,world,TV,2,Trial by Fire
2025-02-22,world,TV,3,Ted 2
2025-02-22,world,TV,4,La Dolce Villa
2025-02-22,world,TV,5,Don't Let Go
2025-02-22,world,TV,6,Aftermath
2025-02-22,world,TV,7,Sing
2025-02-22,world,TV,8,Minions
2025-02-22,world,TV,9,Rambo: Last Blood
2025-02-22,world,TV,10,Honeymoon Crasher
2025-02-23,world,TV,1,To Catch a Killer
2025-02-23,world,TV,2,Trial by Fire
2025-02-23,world,TV,3,Ted 2
2025-02-23,world,TV,4,La Dolce Villa
2025-02-23,world,TV,5,Don't Let Go
2025-02-23,world,TV,6,Aftermath
2025-02-23,world,TV,7,Sing
2025-02-23,world,TV,8,Minions
2025-02-23,world,TV,9,Honeymoon Crasher
2025-02-23,world,TV,10,Heart of Champions
2025-02-24,world,TV,1,To Catch a Killer
2025-02-24,world,TV,2,Trial by Fire
2025-02-24,world,TV,3,Ted 2
2025-02-24,world,TV,4,Don't Let Go
2025-02-24,world,TV,5,La Dolce Villa
2025-02-24,world,TV,6,Heart of Champions
2025-02-24,world,TV,7,Aftermath
2025-02-24,world,TV,8,The Sum of All Fears
2025-02-24,world,TV,9,Sing
2025-02-24,world,TV,10,Minions
2025-02-25,world,TV,1,To Catch a Killer
2025-02-25,world,TV,2,Trial by Fire
2025-02-25,world,TV,3,Ted 2
2025-02-25,world,TV,4,The Sum of All Fears
2025-02-25,world,TV,5,Heart of Champions
2025-02-25,world,TV,6,Don't Let Go
2025-02-25,world,TV,7,Minions
2025-02-25,world,TV,8,Sing
2025-02-25,world,TV,9,La Dolce Villa
2025-02-25,world,TV,10,Aftermath
2025-02-26,world,TV,1,Venom: The Last Dance
2025-02-26,world,TV,2,To Catch a Killer
2025-02-26,world,TV,3,Watcher
2025-02-26,world,TV,4,Trial by Fire
2025-02-26,world,TV,5,Ted 2
2025-02-26,world,TV,6,The Sum of All Fears
2025-02-26,world,TV,7,Minions
2025-02-26,world,TV,8,Sing
2025-02-26,world,TV,9,Heart of Champions
2025-02-26,world,TV,10,The Secret Life of Pets
2025-02-27,world,TV,1,Venom: The Last Dance
2025-02-27,world,TV,2,Dungeons & Dragons: Honor Among Thieves
2025-02-27,world,TV,3,Watcher
2025-02-27,world,TV,4,To Catch a Killer
2025-02-27,world,TV,5,Trial by Fire
2025-02-27,world,TV,6,Ted 2
2025-02-27,world,TV,7,Minions
2025-02-27,world,TV,8,Sing
2025-02-27,world,TV,9,A Copenhagen Love Story
2025-02-27,world,TV,10,The Sum of All Fears
2025-02-28,world,TV,1,Venom: The Last Dance
2025-02-28,world,TV,2,Dungeons & Dragons: Honor Among Thieves
2025-02-28,world,TV,3,Watcher
2025-02-28,world,TV,4,To Catch a Killer
2025-02-28,world,TV,5,Demon City
2025-02-28,world,TV,6,Ted 2
2025-02-28,world,TV,7,Minions
2025-02-28,world,TV,8,Sing
2025-02-28,world,TV,9,Trial by Fire
2025-02-28,world,TV,10,Peter Rabbit
2025-03-01,world,TV,1,Despicable Me 4
2025-03-01,world,TV,2,Counterattack
2025-03-01,world,TV,3,Venom: The Last Dance
2025-03-01,world,TV,4,Dungeons & Dragons: Honor Among Thieves
2025-03-01,world,TV,5,Watcher
2025-03-01,world,TV,6,To Catch a Killer
2025-03-01,world,TV,7,Sonic the Hedgehog 2
2025-03-01,world,TV,8,Demon City
2025-03-01,world,TV,9,Ted 2
2025-03-01,world,TV,10,Squad 36
2025-03-02,world,TV,1,Despicable Me 4
2025-03-02,world,TV,2,Counterattack
2025-03-02,world,TV,3,Venom: The Last Dance
2025-03-02,world,TV,4,Sicario
2025-03-02,world,TV,5,Sonic the Hedgehog 2
2025-03-02,world,TV,6,Dungeons & Dragons: Honor Among Thieves
2025-03-02,world,TV,7,To Catch a Killer
2025-03-02,world,TV,8,Watcher
2025-03-02,world,TV,9,Squad 36
2025-03-02,world,TV,10,Annie
2025-03-03,world,TV,1,Despicable Me 4
2025-03-03,world,TV,2,Counterattack
2025-03-03,world,TV,3,Venom: The Last Dance
2025-03-03,world,TV,4,Sicario
2025-03-03,world,TV,5,Sonic the Hedgehog 2
2025-03-03,world,TV,6,Dungeons & Dragons: Honor Among Thieves
2025-03-03,world,TV,7,Midnight in the Switchgrass
2025-03-03,world,TV,8,Runaway Jury
2025-03-03,world,TV,9,Squad 36
2025-03-03,world,TV,10,To Catch a Killer
2025-03-04,world,TV,1,Despicable Me 4
2025-03-04,world,TV,2,Counterattack
2025-03-04,world,TV,3,Sicario
2025-03-04,world,TV,4,Venom: The Last Dance
2025-03-04,world,TV,5,Sonic the Hedgehog 2
2025-03-04,world,TV,6,Midnight in the Switchgrass
2025-03-04,world,TV,7,Runaway Jury
2025-03-04,world,TV,8,Dungeons & Dragons: Honor Among Thieves
2025-03-04,world,TV,9,Squad 36
2025-03-04,world,TV,10,Demon City
2025-03-05,world,TV,1,Despicable Me 4
2025-03-05,world,TV,2,Counterattack
2025-03-05,world,TV,3,Sicario
2025-03-05,world,TV,4,Venom: The Last Dance
2025-03-05,world,TV,5,Sonic the Hedgehog 2
2025-03-05,world,TV,6,Midnight in the Switchgrass
2025-03-05,world,TV,7,Runaway Jury
2025-03-05,world,TV,8,Dungeons & Dragons: Honor Among Thieves
2025-03-05,world,TV,9,Squad 36
2025-03-05,world,TV,10,Demon City
2025-03-06,world,TV,1,Despicable Me 4
2025-03-06,world,TV,2,Sicario
2025-03-06,world,TV,3,Counterattack
2025-03-06,world,TV,4,Midnight in the Switchgrass
2025-03-06,world,TV,5,Sonic the Hedgehog 2
2025-03-06,world,TV,6,Venom: The Last Dance
2025-03-06,world,TV,7,Runaway Jury
2025-03-06,world,TV,8,Dungeons & Dragons: Honor Among Thieves
2025-03-06,world,TV,9,Squad 36
2025-03-06,world,TV,10,Demon City
2025-03-07,world,TV,1,Despicable Me 4
2025-03-07,world,TV,2,Sicario
2025-03-07,world,TV,3,Midnight in the Switchgrass
2025-03-07,world,TV,4,Sonic the Hedgehog 2
2025-03-07,world,TV,5,Counterattack
2025-03-07,world,TV,6,Power Rangers
2025-03-07,world,TV,7,Venom: The Last Dance
2025-03-07,world,TV,8,Runaway Jury
2025-03-07,world,TV,9,Dungeons & Dragons: Honor Among Thieves
2025-03-07,world,TV,10,Friday
2025-03-08,world,TV,1,Plankton: The Movie
2025-03-08,world,TV,2,Despicable Me 4
2025-03-08,world,TV,3,CHAOS: The Manson Murders
2025-03-08,world,TV,4,Midnight in the Switchgrass
2025-03-08,world,TV,5,Sicario
2025-03-08,world,TV,6,Sonic the Hedgehog 2
2025-03-08,world,TV,7,Counterattack
2025-03-08,world,TV,8,Venom: The Last Dance
2025-03-08,world,TV,9,Friday
2025-03-08,world,TV,10,Runaway Jury
2025-03-09,world,TV,1,Plankton: The Movie
2025-03-09,world,TV,2,Despicable Me 4
2025-03-09,world,TV,3,CHAOS: The Manson Murders
2025-03-09,world,TV,4,Midnight in the Switchgrass
2025-03-09,world,TV,5,Sicario
2025-03-09,world,TV,6,Sonic the Hedgehog 2
2025-03-09,world,TV,7,Venom: The Last Dance
2025-03-09,world,TV,8,Friday
2025-03-09,world,TV,9,Counterattack
2025-03-09,world,TV,10,Runaway Jury
2025-03-10,world,TV,1,Plankton: The Movie
2025-03-10,world,TV,2,Despicable Me 4
2025-03-10,world,TV,3,CHAOS: The Manson Murders
2025-03-10,world,TV,4,Midnight in the Switchgrass
2025-03-10,world,TV,5,Sicario
2025-03-10,world,TV,6,Friday
2025-03-10,world,TV,7,Sonic the Hedgehog 2
2025-03-10,world,TV,8,Counterattack
2025-03-10,world,TV,9,Venom: The Last Dance
2025-03-10,world,TV,10,Next Friday
2025-03-11,world,TV,1,Despicable Me 4
2025-03-11,world,TV,2,Plankton: The Movie
2025-03-11,world,TV,3,Midnight in the Switchgrass
2025-03-11,world,TV,4,CHAOS: The Manson Murders
2025-03-11,world,TV,5,Friday
2025-03-11,world,TV,6,Next Friday
2025-03-11,world,TV,7,Sonic the Hedgehog 2
2025-03-11,world,TV,8,Sicario
2025-03-11,world,TV,9,Venom: The Last Dance
2025-03-11,world,TV,10,Counterattack
2025-03-12,world,TV,1,Despicable Me 4
2025-03-12,world,TV,2,Trap
2025-03-12,world,TV,3,Plankton: The Movie
2025-03-12,world,TV,4,Midnight in the Switchgrass
2025-03-12,world,TV,5,Friday
2025-03-12,world,TV,6,CHAOS: The Manson Murders
2025-03-12,world,TV,7,Next Friday
2025-03-12,world,TV,8,Sonic the Hedgehog 2
2025-03-12,world,TV,9,Sicario
2025-03-12,world,TV,10,Venom: The Last Dance
2025-03-13,world,TV,1,Trap
2025-03-13,world,TV,2,Despicable Me 4
2025-03-13,world,TV,3,Plankton: The Movie
2025-03-13,world,TV,4,Friday
2025-03-13,world,TV,5,Midnight in the Switchgrass
2025-03-13,world,TV,6,CHAOS: The Manson Murders
2025-03-13,world,TV,7,Next Friday
2025-03-13,world,TV,8,Sonic the Hedgehog 2
2025-03-13,world,TV,9,Sicario
2025-03-13,world,TV,10,Venom: The Last Dance
2025-03-14,world,TV,1,Kraven the Hunter
2025-03-14,world,TV,2,Trap
2025-03-14,world,TV,3,Despicable Me 4
2025-03-14,world,TV,4,Plankton: The Movie
2025-03-14,world,TV,5,Friday
2025-03-14,world,TV,6,Midnight in the Switchgrass
2025-03-14,world,TV,7,Sonic the Hedgehog 2
2025-03-14,world,TV,8,Next Friday
2025-03-14,world,TV,9,Sicario
2025-03-14,world,TV,10,Venom: The Last Dance
2025-03-15,world,TV,1,The Electric State
2025-03-15,world,TV,2,Kraven the Hunter
2025-03-15,world,TV,3,Trap
2025-03-15,world,TV,4,Despicable Me 4
2025-03-15,world,TV,5,Plankton: The Movie
2025-03-15,world,TV,6,Friday
2025-03-15,world,TV,7,Sonic the Hedgehog 2
2025-03-15,world,TV,8,Midnight in the Switchgrass
2025-03-15,world,TV,9,Venom: The Last Dance
2025-03-15,world,TV,10,Next Friday
2025-03-16,world,TV,1,The Electric State
2025-03-16,world,TV,2,Kraven the Hunter
2025-03-16,world,TV,3,Trap
2025-03-16,world,TV,4,Despicable Me 4
2025-03-16,world,TV,5,Plankton: The Movie
2025-03-16,world,TV,6,Midnight in the Switchgrass
2025-03-16,world,TV,7,Sonic the Hedgehog 2
2025-03-16,world,TV,8,Friday
2025-03-16,world,TV,9,Venom: The Last Dance
2025-03-16,world,TV,10,Next Friday
2025-03-17,world,TV,1,The Electric State
2025-03-17,world,TV,2,Kraven the Hunter
2025-03-17,world,TV,3,Trap
2025-03-17,world,TV,4,Despicable Me 4
2025-03-17,world,TV,5,Plankton: The Movie
2025-03-17,world,TV,6,Everest
2025-03-17,world,TV,7,Midnight in the Switchgrass
2025-03-17,world,TV,8,Sonic the Hedgehog 2
2025-03-17,world,TV,9,Venom: The Last Dance
2025-03-17,world,TV,10,Friday
2025-03-18,world,TV,1,The Electric State
2025-03-18,world,TV,2,Kraven the Hunter
2025-03-18,world,TV,3,Trap
2025-03-18,world,TV,4,Despicable Me 4
2025-03-18,world,TV,5,Plankton: The Movie
2025-03-18,world,TV,6,Everest
2025-03-18,world,TV,7,Sonic the Hedgehog 2
2025-03-18,world,TV,8,Friday
2025-03-18,world,TV,9,Venom: The Last Dance
2025-03-18,world,TV,10,Midnight in the Switchgrass
2025-03-19,world,TV,1,The Electric State
2025-03-19,world,TV,2,Kraven the Hunter
2025-03-19,world,TV,3,Trap
2025-03-19,world,TV,4,Despicable Me 4
2025-03-19,world,TV,5,Plankton: The Movie
2025-03-19,world,TV,6,Everest
2025-03-19,world,TV,7,Sonic the Hedgehog 2
2025-03-19,world,TV,8,Friday
2025-03-19,world,TV,9,Midnight in the Switchgrass
2025-03-19,world,TV,10,Venom: The Last Dance
2025-03-20,world,TV,1,The Twister: Caught in the Storm
2025-03-20,world,TV,2,Kraven the Hunter
2025-03-20,world,TV,3,The Electric State
2025-03-20,world,TV,4,Despicable Me 4
2025-03-20,world,TV,5,Trap
2025-03-20,world,TV,6,Plankton: The Movie
2025-03-20,world,TV,7,Everest
2025-03-20,world,TV,8,Sonic the Hedgehog 2
2025-03-20,world,TV,9,Friday
2025-03-20,world,TV,10,The Secret Life of Pets
2025-03-21,world,TV,1,Den of Thieves 2: Pantera
2025-03-21,world,TV,2,The Twister: Caught in the Storm
2025-03-21,world,TV,3,Kraven the Hunter
2025-03-21,world,TV,4,Despicable Me 4
2025-03-21,world,TV,5,The Electric State
2025-03-21,world,TV,6,Trap
2025-03-21,world,TV,7,Plankton: The Movie
2025-03-21,world,TV,8,Sonic the Hedgehog 2
2025-03-21,world,TV,9,Everest
2025-03-21,world,TV,10,The Secret Life of Pets
2025-03-22,world,TV,1,Den of Thieves 2: Pantera
2025-03-22,world,TV,2,The Twister: Caught in the Storm
2025-03-22,world,TV,3,Despicable Me 4
2025-03-22,world,TV,4,Kraven the Hunter
2025-03-22,world,TV,5,The Electric State
2025-03-22,world,TV,6,Trap
2025-03-22,world,TV,7,Plankton: The Movie
2025-03-22,world,TV,8,Sonic the Hedgehog 2
2025-03-22,world,TV,9,Everest
2025-03-22,world,TV,10,The Secret Life of Pets
2025-03-23,world,TV,1,Den of Thieves 2: Pantera
2025-03-23,world,TV,2,The Twister: Caught in the Storm
2025-03-23,world,TV,3,Kraven the Hunter
2025-03-23,world,TV,4,Despicable Me 4
2025-03-23,world,TV,5,Trap
2025-03-23,world,TV,6,The Electric State
2025-03-23,world,TV,7,Plankton: The Movie
2025-03-23,world,TV,8,Everest
2025-03-23,world,TV,9,Sonic the Hedgehog 2
2025-03-23,world,TV,10,The Secret Life of Pets
2025-03-24,world,TV,1,Den of Thieves 2: Pantera
2025-03-24,world,TV,2,The Twister: Caught in the Storm
2025-03-24,world,TV,3,Kraven the Hunter
2025-03-24,world,TV,4,Despicable Me 4
2025-03-24,world,TV,5,Trap
2025-03-24,world,TV,6,The Electric State
2025-03-24,world,TV,7,Everest
2025-03-24,world,TV,8,Plankton: The Movie
2025-03-24,world,TV,9,Sonic the Hedgehog 2
2025-03-24,world,TV,10,The Secret Life of Pets
2025-03-25,world,TV,1,Den of Thieves 2: Pantera
2025-03-25,world,TV,2,The Twister: Caught in the Storm
2025-03-25,world,TV,3,Despicable Me 4
2025-03-25,world,TV,4,Kraven the Hunter
2025-03-25,world,TV,5,Trap
2025-03-25,world,TV,6,The Electric State
2025-03-25,world,TV,7,Plankton: The Movie
2025-03-25,world,TV,8,Sonic the Hedgehog 2
2025-03-25,world,TV,9,The Secret Life of Pets
2025-03-25,world,TV,10,Everest
2025-03-26,world,TV,1,Den of Thieves 2: Pantera
2025-03-26,world,TV,2,The Twister: Caught in the Storm
2025-03-26,world,TV,3,Despicable Me 4
2025-03-26,world,TV,4,Kraven the Hunter
2025-03-26,world,TV,5,Trap
2025-03-26,world,TV,6,The Electric State
2025-03-26,world,TV,7,Con Mum
2025-03-26,world,TV,8,Plankton: The Movie
2025-03-26,world,TV,9,The Secret Life of Pets
2025-03-26,world,TV,10,Sonic the Hedgehog 2
2025-03-27,world,TV,1,Den of Thieves 2: Pantera
2025-03-27,world,TV,2,Despicable Me 4
2025-03-27,world,TV,3,The Twister: Caught in the Storm
2025-03-27,world,TV,4,Kraven the Hunter
2025-03-27,world,TV,5,Trap
2025-03-27,world,TV,6,The Electric State
2025-03-27,world,TV,7,Con Mum
2025-03-27,world,TV,8,The Secret Life of Pets
2025-03-27,world,TV,9,Plankton: The Movie
2025-03-27,world,TV,10,Sonic the Hedgehog 2
2025-03-28,world,TV,1,Den of Thieves 2: Pantera
2025-03-28,world,TV,2,Despicable Me 4
2025-03-28,world,TV,3,The Twister: Caught in the Storm
2025-03-28,world,TV,4,Kraven the Hunter
2025-03-28,world,TV,5,Trap
2025-03-28,world,TV,6,Con Mum
2025-03-28,world,TV,7,The Electric State
2025-03-28,world,TV,8,The Secret Life of Pets
2025-03-28,world,TV,9,Plankton: The Movie
2025-03-28,world,TV,10,Sonic the Hedgehog 2
2025-03-29,world,TV,1,The Life List
2025-03-29,world,TV,2,Den of Thieves 2: Pantera
2025-03-29,world,TV,3,Despicable Me 4
2025-03-29,world,TV,4,Talk to Me
2025-03-29,world,TV,5,The Twister: Caught in the Storm
2025-03-29,world,TV,6,Kraven the Hunter
2025-03-29,world,TV,7,Trap
2025-03-29,world,TV,8,Con Mum
2025-03-29,world,TV,9,The Electric State
2025-03-29,world,TV,10,The Secret Life of Pets
2025-03-30,world,TV,1,The Life List
2025-03-30,world,TV,2,Den of Thieves 2: Pantera
2025-03-30,world,TV,3,Talk to Me
2025-03-30,world,TV,4,Despicable Me 4
2025-03-30,world,TV,5,Con Mum
2025-03-30,world,TV,6,Kraven the Hunter
2025-03-30,world,TV,7,The Twister: Caught in the Storm
2025-03-30,world,TV,8,Trap
2025-03-30,world,TV,9,The Electric State
2025-03-30,world,TV,10,The Secret Life of Pets
2025-03-31,world,TV,1,The Life List
2025-03-31,world,TV,2,Den of Thieves 2: Pantera
2025-03-31,world,TV,3,Talk to Me
2025-03-31,world,TV,4,Despicable Me 4
2025-03-31,world,TV,5,Con Mum
2025-03-31,world,TV,6,Kraven the Hunter
2025-03-31,world,TV,7,The Twister: Caught in the Storm
2025-03-31,world,TV,8,Trap
2025-03-31,world,TV,9,The Electric State
2025-03-31,world,TV,10,The Secret Life of Pets
2025-04-01,world,TV,1,The Life List
2025-04-01,world,TV,2,One of Them Days
2025-04-01,world,TV,3,Despicable Me 4
2025-04-01,world,TV,4,Den of Thieves 2: Pantera
2025-04-01,world,TV,5,Talk to Me
2025-04-01,world,TV,6,Con Mum
2025-04-01,world,TV,7,Kraven the Hunter
2025-04-01,world,TV,8,The Secret Life of Pets
2025-04-01,world,TV,9,The Twister: Caught in the Storm
2025-04-01,world,TV,10,The Electric State
2025-04-02,world,TV,1,The Life List
2025-04-02,world,TV,2,One of Them Days
2025-04-02,world,TV,3,Sicario: Day of the Soldado
2025-04-02,world,TV,4,Geostorm
2025-04-02,world,TV,5,Despicable Me 4
2025-04-02,world,TV,6,Alpha
2025-04-02,world,TV,7,Jack the Giant Slayer
2025-04-02,world,TV,8,Den of Thieves 2: Pantera
2025-04-02,world,TV,9,Draft Day
2025-04-02,world,TV,10,Talk to Me
2025-04-03,world,TV,1,The Life List
2025-04-03,world,TV,2,One of Them Days
2025-04-03,world,TV,3,Geostorm
2025-04-03,world,TV,4,Alpha
2025-04-03,world,TV,5,Sicario: Day of the Soldado
2025-04-03,world,TV,6,Jack the Giant Slayer
2025-04-03,world,TV,7,Despicable Me 4
2025-04-03,world,TV,8,Den of Thieves 2: Pantera
2025-04-03,world,TV,9,Draft Day
2025-04-03,world,TV,10,Talk to Me
2025-04-04,world,TV,1,One of Them Days
2025-04-04,world,TV,2,The Life List
2025-04-04,world,TV,3,Geostorm
2025-04-04,world,TV,4,Alpha
2025-04-04,world,TV,5,Sicario: Day of the Soldado
2025-04-04,world,TV,6,Despicable Me 4
2025-04-04,world,TV,7,Jack the Giant Slayer
2025-04-04,world,TV,8,Draft Day
2025-04-04,world,TV,9,Den of Thieves 2: Pantera
2025-04-04,world,TV,10,The Croods
2025-04-05,world,TV,1,One of Them Days
2025-04-05,world,TV,2,The Life List
2025-04-05,world,TV,3,Geostorm
2025-04-05,world,TV,4,Alpha
2025-04-05,world,TV,6,Sicario: Day of the Soldado
2025-04-05,world,TV,5,Despicable Me 4
2025-04-05,world,TV,7,Jack the Giant Slayer
2025-04-05,world,TV,10,Draft Day
2025-04-05,world,TV,9,Den of Thieves 2: Pantera
2025-04-05,world,TV,8,The Croods
2025-04-06,world,TV,1,One of Them Days
2025-04-06,world,TV,2,The Life List
2025-04-06,world,TV,3,Geostorm
2025-04-06,world,TV,4,Alpha
2025-04-06,world,TV,5,Despicable Me 4
2025-04-06,world,TV,6,The Croods
2025-04-06,world,TV,7,Jack the Giant Slayer
2025-04-06,world,TV,8,Sicario: Day of the Soldado
2025-04-06,world,TV,9,Den of Thieves 2: Pantera
2025-04-06,world,TV,10,Draft Day
2025-04-07,world,TV,1,One of Them Days
2025-04-07,world,TV,2,The Life List
2025-04-07,world,TV,3,Geostorm
2025-04-07,world,TV,4,Alpha
2025-04-07,world,TV,5,The Croods
2025-04-07,world,TV,6,Despicable Me 4
2025-04-07,world,TV,7,Jack the Giant Slayer
2025-04-07,world,TV,8,Den of Thieves 2: Pantera
2025-04-07,world,TV,9,Sicario: Day of the Soldado
2025-04-07,world,TV,10,Draft Day
2025-04-08,world,TV,1,One of Them Days
2025-04-08,world,TV,2,The Life List
2025-04-08,world,TV,3,Geostorm
2025-04-08,world,TV,4,The Croods
2025-04-08,world,TV,5,Alpha
2025-04-08,world,TV,6,Despicable Me 4
2025-04-08,world,TV,7,Lucy
2025-04-08,world,TV,8,The Dark Knight
2025-04-08,world,TV,9,Den of Thieves 2: Pantera
2025-04-08,world,TV,10,Jack the Giant Slayer
2025-04-09,world,TV,1,One of Them Days
2025-04-09,world,TV,2,The Life List
2025-04-09,world,TV,3,Geostorm
2025-04-09,world,TV,4,Lucy
2025-04-09,world,TV,5,The Croods
2025-04-09,world,TV,6,Alpha
2025-04-09,world,TV,7,Despicable Me 4
2025-04-09,world,TV,8,The Dark Knight
2025-04-09,world,TV,9,I Now Pronounce You Chuck & Larry
2025-04-09,world,TV,10,Den of Thieves
2025-04-10,world,TV,1,One of Them Days
2025-04-10,world,TV,2,The Life List
2025-04-10,world,TV,3,The Croods
2025-04-10,world,TV,4,Lucy
2025-04-10,world,TV,5,The Hating Game
2025-04-10,world,TV,6,Geostorm
2025-04-10,world,TV,7,Despicable Me 4
2025-04-10,world,TV,8,The Dark Knight
2025-04-10,world,TV,9,I Now Pronounce You Chuck & Larry
2025-04-10,world,TV,10,The Dad Quest
2025-04-11,world,TV,1,The Croods
2025-04-11,world,TV,2,One of Them Days
2025-04-11,world,TV,3,The Life List
2025-04-11,world,TV,4,Lucy
2025-04-11,world,TV,5,The Hating Game
2025-04-11,world,TV,6,Despicable Me 4
2025-04-11,world,TV,7,The Dark Knight
2025-04-11,world,TV,8,Geostorm
2025-04-11,world,TV,9,The Dad Quest
2025-04-11,world,TV,10,Matilda
2025-04-12,world,TV,1,The Croods
2025-04-12,world,TV,2,The Life List
2025-04-12,world,TV,3,Despicable Me 4
2025-04-12,world,TV,4,One of Them Days
2025-04-12,world,TV,5,Lucy
2025-04-12,world,TV,6,The Hating Game
2025-04-12,world,TV,7,The Dad Quest
2025-04-12,world,TV,8,Matilda
2025-04-12,world,TV,9,The Dark Knight
2025-04-12,world,TV,10,Geostorm
2025-04-13,world,TV,1,The Croods
2025-04-13,world,TV,2,The Life List
2025-04-13,world,TV,3,Despicable Me 4
2025-04-13,world,TV,4,The Dad Quest
2025-04-13,world,TV,5,The Hating Game
2025-04-13,world,TV,6,Lucy
2025-04-13,world,TV,7,One of Them Days
2025-04-13,world,TV,8,Meet the Khumalos
2025-04-13,world,TV,9,Matilda
2025-04-13,world,TV,10,The Dark Knight
2025-04-14,world,TV,1,The Croods
2025-04-14,world,TV,2,The Dad Quest
2025-04-14,world,TV,3,The Life List
2025-04-14,world,TV,4,Despicable Me 4
2025-04-14,world,TV,5,Lucy
2025-04-14,world,TV,6,Life or Something Like It
2025-04-14,world,TV,7,The Hating Game
2025-04-14,world,TV,8,99 Homes
2025-04-14,world,TV,9,One of Them Days
2025-04-14,world,TV,10,Meet the Khumalos
2025-04-15,world,TV,1,Life or Something Like It
2025-04-15,world,TV,2,The Croods
2025-04-15,world,TV,3,Despicable Me 4
2025-04-15,world,TV,4,The Dad Quest
2025-04-15,world,TV,5,The Life List
2025-04-15,world,TV,6,The Hating Game
2025-04-15,world,TV,7,Lucy
2025-04-15,world,TV,8,99 Homes
2025-04-15,world,TV,9,One of Them Days
2025-04-15,world,TV,10,Meet the Khumalos
2025-04-16,world,TV,1,Life or Something Like It
2025-04-16,world,TV,2,Despicable Me 4
2025-04-16,world,TV,3,The Croods
2025-04-16,world,TV,4,The Life List
2025-04-16,world,TV,5,The Hating Game
2025-04-16,world,TV,6,Lucy
2025-04-16,world,TV,7,The Dad Quest
2025-04-16,world,TV,8,One of Them Days
2025-04-16,world,TV,9,Sing
2025-04-16,world,TV,10,Meet the Khumalos
2025-04-17,world,TV,1,Life or Something Like It
2025-04-17,world,TV,2,Despicable Me 4
2025-04-17,world,TV,3,The Croods
2025-04-17,world,TV,4,The Life List
2025-04-17,world,TV,5,The Hating Game
2025-04-17,world,TV,6,Lucy
2025-04-17,world,TV,7,Sing
2025-04-17,world,TV,8,One of Them Days
2025-04-17,world,TV,9,The Boss Baby
2025-04-17,world,TV,10,The Dad Quest
2025-04-18,world,TV,1,Despicable Me 4
2025-04-18,world,TV,2,Life or Something Like It
2025-04-18,world,TV,3,The Croods
2025-04-18,world,TV,4,The Life List
2025-04-18,world,TV,5,Sing
2025-04-18,world,TV,6,One of Them Days
2025-04-18,world,TV,7,The Boss Baby
2025-04-18,world,TV,8,Lucy
2025-04-18,world,TV,9,The Secret Life of Pets
2025-04-18,world,TV,10,Trolls Band Together
2025-04-19,world,TV,1,Oklahoma City Bombing: American Terror
2025-04-19,world,TV,2,iHostage
2025-04-19,world,TV,3,Despicable Me 4
2025-04-19,world,TV,4,Life or Something Like It
2025-04-19,world,TV,5,The Passion of the Christ
2025-04-19,world,TV,6,The Croods
2025-04-19,world,TV,7,The Life List
2025-04-19,world,TV,8,One of Them Days
2025-04-19,world,TV,9,Sing
2025-04-19,world,TV,10,Lucy
2025-04-20,world,TV,1,iHostage
2025-04-20,world,TV,2,Oklahoma City Bombing: American Terror
2025-04-20,world,TV,3,Despicable Me 4
2025-04-20,world,TV,4,Life or Something Like It
2025-04-20,world,TV,5,The Passion of the Christ
2025-04-20,world,TV,6,The Life List
2025-04-20,world,TV,7,The Croods
2025-04-20,world,TV,8,One of Them Days
2025-04-20,world,TV,9,Lucy
2025-04-20,world,TV,10,The Room Next Door
2025-04-21,world,TV,1,iHostage
2025-04-21,world,TV,2,Oklahoma City Bombing: American Terror
2025-04-21,world,TV,3,Despicable Me 4
2025-04-21,world,TV,4,The Passion of the Christ
2025-04-21,world,TV,5,Life or Something Like It
2025-04-21,world,TV,6,The Life List
2025-04-21,world,TV,7,Peter Rabbit
2025-04-21,world,TV,8,The Croods
2025-04-21,world,TV,9,My Hero Academia: You're Next
2025-04-21,world,TV,10,One of Them Days
2025-04-22,world,TV,1,American Sniper
2025-04-22,world,TV,2,iHostage
2025-04-22,world,TV,3,Oklahoma City Bombing: American Terror
2025-04-22,world,TV,4,Despicable Me 4
2025-04-22,world,TV,5,The Life List
2025-04-22,world,TV,6,The Croods
2025-04-22,world,TV,7,Pangolin: Kulu's Journey
2025-04-22,world,TV,8,My Hero Academia: You're Next
2025-04-22,world,TV,9,Life or Something Like It
2025-04-22,world,TV,10,The Secret Life of Pets
2025-04-23,world,TV,1,iHostage
2025-04-23,world,TV,2,American Sniper
2025-04-23,world,TV,3,Oklahoma City Bombing: American Terror
2025-04-23,world,TV,4,Despicable Me 4
2025-04-23,world,TV,5,The Life List
2025-04-23,world,TV,6,Pangolin: Kulu's Journey
2025-04-23,world,TV,7,The Croods
2025-04-23,world,TV,8,The Secret Life of Pets
2025-04-23,world,TV,9,Sing
2025-04-23,world,TV,10,The Boss Baby
2025-04-24,world,TV,1,iHostage
2025-04-24,world,TV,2,American Sniper
2025-04-24,world,TV,3,Oklahoma City Bombing: American Terror
2025-04-24,world,TV,4,Despicable Me 4
2025-04-24,world,TV,5,UnBroken
2025-04-24,world,TV,6,Bullet Train Explosion
2025-04-24,world,TV,7,The Life List
2025-04-24,world,TV,8,The Croods
2025-04-24,world,TV,9,Pangolin: Kulu's Journey
2025-04-24,world,TV,10,The Secret Life of Pets
2025-04-25,world,TV,1,Murder at Yellowstone City
2025-04-25,world,TV,2,iHostage
2025-04-25,world,TV,3,A Dog's Way Home
2025-04-25,world,TV,4,American Sniper
2025-04-25,world,TV,5,Despicable Me 4
2025-04-25,world,TV,6,Oklahoma City Bombing: American Terror
2025-04-25,world,TV,7,Bullet Train Explosion
2025-04-25,world,TV,8,The Life List
2025-04-25,world,TV,9,The Croods
2025-04-25,world,TV,10,The Secret Life of Pets
2025-04-26,world,TV,1,Havoc
2025-04-26,world,TV,2,A Dog's Way Home
2025-04-26,world,TV,3,Murder at Yellowstone City
2025-04-26,world,TV,4,iHostage
2025-04-26,world,TV,5,American Sniper
2025-04-26,world,TV,6,Despicable Me 4
2025-04-26,world,TV,7,Oklahoma City Bombing: American Terror
2025-04-26,world,TV,8,Bullet Train Explosion
2025-04-26,world,TV,9,The Life List
2025-04-26,world,TV,10,Jewel Thief - The Heist Begins
2025-04-27,world,TV,1,Havoc
2025-04-27,world,TV,2,A Dog's Way Home
2025-04-27,world,TV,3,iHostage
2025-04-27,world,TV,4,Murder at Yellowstone City
2025-04-27,world,TV,5,Despicable Me 4
2025-04-27,world,TV,6,American Sniper
2025-04-27,world,TV,7,Bullet Train Explosion
2025-04-27,world,TV,8,Jewel Thief - The Heist Begins
2025-04-27,world,TV,9,Oklahoma City Bombing: American Terror
2025-04-27,world,TV,10,The Life List
2025-04-28,world,TV,1,Havoc
2025-04-28,world,TV,2,A Dog's Way Home
2025-04-28,world,TV,3,iHostage
2025-04-28,world,TV,4,Murder at Yellowstone City
2025-04-28,world,TV,5,American Sniper
2025-04-28,world,TV,6,Despicable Me 4
2025-04-28,world,TV,7,Bullet Train Explosion
2025-04-28,world,TV,8,Jewel Thief - The Heist Begins
2025-04-28,world,TV,9,Oklahoma City Bombing: American Terror
2025-04-28,world,TV,10,The Life List
2025-04-29,world,TV,1,Havoc
2025-04-29,world,TV,2,A Dog's Way Home
2025-04-29,world,TV,3,Despicable Me 4
2025-04-29,world,TV,4,American Sniper
2025-04-29,world,TV,5,iHostage
2025-04-29,world,TV,6,Murder at Yellowstone City
2025-04-29,world,TV,7,Bullet Train Explosion
2025-04-29,world,TV,8,Oklahoma City Bombing: American Terror
2025-04-29,world,TV,9,Jewel Thief - The Heist Begins
2025-04-29,world,TV,10,The Secret Life of Pets
2025-04-30,world,TV,1,Havoc
2025-04-30,world,TV,2,A Dog's Way Home
2025-04-30,world,TV,3,Despicable Me 4
2025-04-30,world,TV,4,Bullet Train Explosion
2025-04-30,world,TV,5,American Sniper
2025-04-30,world,TV,6,iHostage
2025-04-30,world,TV,7,Murder at Yellowstone City
2025-04-30,world,TV,8,Jewel Thief - The Heist Begins
2025-04-30,world,TV,9,The Secret Life of Pets
2025-04-30,world,TV,10,The Boss Baby
2025-05-01,world,TV,1,Exterritorial
2025-05-01,world,TV,2,Havoc
2025-05-01,world,TV,3,Despicable Me 4
2025-05-01,world,TV,4,A Dog's Way Home
2025-05-01,world,TV,5,American Sniper
2025-05-01,world,TV,6,The Secret Life of Pets
2025-05-01,world,TV,7,Bullet Train Explosion
2025-05-01,world,TV,8,The Boss Baby
2025-05-01,world,TV,9,Sing
2025-05-01,world,TV,10,Trolls Band Together
2025-05-02,world,TV,1,Exterritorial
2025-05-02,world,TV,2,The Equalizer 2
2025-05-02,world,TV,3,Havoc
2025-05-02,world,TV,4,Paul
2025-05-02,world,TV,5,Despicable Me 4
2025-05-02,world,TV,6,The Biggest Fan
2025-05-02,world,TV,7,A Dog's Way Home
2025-05-02,world,TV,8,Sisters
2025-05-02,world,TV,9,Mid90s
2025-05-02,world,TV,10,The Secret Life of Pets
2025-05-03,world,TV,1,Exterritorial
2025-05-03,world,TV,2,Havoc
2025-05-03,world,TV,3,The Equalizer 2
2025-05-03,world,TV,4,Paul
2025-05-03,world,TV,5,Despicable Me 4
2025-05-03,world,TV,6,Sisters
2025-05-03,world,TV,7,The Biggest Fan
2025-05-03,world,TV,8,Twilight
2025-05-03,world,TV,9,Home
2025-05-03,world,TV,10,A Dog's Way Home
2025-05-04,world,TV,1,Exterritorial
2025-05-04,world,TV,2,Havoc
2025-05-04,world,TV,3,The Equalizer 2
2025-05-04,world,TV,4,Paul
2025-05-04,world,TV,5,Twilight
2025-05-04,world,TV,6,Sisters
2025-05-04,world,TV,7,Despicable Me 4
2025-05-04,world,TV,8,Home
2025-05-04,world,TV,9,A Dog's Way Home
2025-05-04,world,TV,10,The Biggest Fan
2025-05-05,world,TV,1,Exterritorial
2025-05-05,world,TV,2,Havoc
2025-05-05,world,TV,3,The Equalizer 2
2025-05-05,world,TV,4,Paul
2025-05-05,world,TV,5,Twilight
2025-05-05,world,TV,6,Sisters
2025-05-05,world,TV,7,Home
2025-05-05,world,TV,8,Despicable Me 4
2025-05-05,world,TV,9,The Twilight Saga: New Moon
2025-05-05,world,TV,10,A Dog's Way Home
2025-05-06,world,TV,1,Exterritorial
2025-05-06,world,TV,2,Twilight
2025-05-06,world,TV,3,Havoc
2025-05-06,world,TV,4,Home
2025-05-06,world,TV,5,The Equalizer 2
2025-05-06,world,TV,6,Paul
2025-05-06,world,TV,7,The Twilight Saga: New Moon
2025-05-06,world,TV,8,Sisters
2025-05-06,world,TV,9,Despicable Me 4
2025-05-06,world,TV,10,Britain and the Blitz
2025-05-07,world,TV,1,Exterritorial
2025-05-07,world,TV,2,Sniper: The Last Stand
2025-05-07,world,TV,3,Twilight
2025-05-07,world,TV,4,Home
2025-05-07,world,TV,5,Beetlejuice Beetlejuice
2025-05-07,world,TV,6,Untold: Shooting Guards
2025-05-07,world,TV,7,Havoc
2025-05-07,world,TV,8,The Twilight Saga: New Moon
2025-05-07,world,TV,9,Paul
2025-05-07,world,TV,10,The Equalizer 2
2025-05-08,world,TV,1,Exterritorial
2025-05-08,world,TV,2,Twilight
2025-05-08,world,TV,3,Beetlejuice Beetlejuice
2025-05-08,world,TV,4,Last Bullet
2025-05-08,world,TV,5,Home
2025-05-08,world,TV,6,Sniper: The Last Stand
2025-05-08,world,TV,7,The Twilight Saga: New Moon
2025-05-08,world,TV,8,Untold: Shooting Guards
2025-05-08,world,TV,9,The Twilight Saga: Eclipse
2025-05-08,world,TV,10,The Twilight Saga: Breaking Dawn - Part 2
2025-05-09,world,TV,1,Karol G: Tomorrow Was Beautiful
2025-05-09,world,TV,2,Heart Eyes
2025-05-09,world,TV,3,Twilight
2025-05-09,world,TV,4,Exterritorial
2025-05-09,world,TV,5,Home
2025-05-09,world,TV,6,Beetlejuice Beetlejuice
2025-05-09,world,TV,7,Last Bullet
2025-05-09,world,TV,8,The Twilight Saga: New Moon
2025-05-09,world,TV,9,Sniper: The Last Stand
2025-05-09,world,TV,10,The Twilight Saga: Breaking Dawn - Part 2
2025-05-10,world,TV,1,Nonnas
2025-05-10,world,TV,2,A Deadly American Marriage
2025-05-10,world,TV,3,Bad Influence
2025-05-10,world,TV,4,Heart Eyes
2025-05-10,world,TV,5,Home
2025-05-10,world,TV,6,Twilight
2025-05-10,world,TV,7,Karol G: Tomorrow Was Beautiful
2025-05-10,world,TV,8,Exterritorial
2025-05-10,world,TV,9,Beetlejuice Beetlejuice
2025-05-10,world,TV,10,Last Bullet
2025-05-11,world,TV,1,Nonnas
2025-05-11,world,TV,2,A Deadly American Marriage
2025-05-11,world,TV,3,Beetlejuice Beetlejuice
2025-05-11,world,TV,4,Bad Influence
2025-05-11,world,TV,5,Heart Eyes
2025-05-11,world,TV,6,Home
2025-05-11,world,TV,7,Exterritorial
2025-05-11,world,TV,8,Twilight
2025-05-11,world,TV,9,Last Bullet
2025-05-11,world,TV,10,Karol G: Tomorrow Was Beautiful
2025-05-12,world,TV,1,Nonnas
2025-05-12,world,TV,2,A Deadly American Marriage
2025-05-12,world,TV,3,Beetlejuice Beetlejuice
2025-05-12,world,TV,4,Bad Influence
2025-05-12,world,TV,5,Home
2025-05-12,world,TV,6,Exterritorial
2025-05-12,world,TV,7,Heart Eyes
2025-05-12,world,TV,8,Twilight
2025-05-12,world,TV,9,Last Bullet
2025-05-12,world,TV,10,The Mule
2025-05-13,world,TV,1,Nonnas
2025-05-13,world,TV,2,A Deadly American Marriage
2025-05-13,world,TV,3,Beetlejuice Beetlejuice
2025-05-13,world,TV,4,Bad Influence
2025-05-13,world,TV,5,Home
2025-05-13,world,TV,6,Twilight
2025-05-13,world,TV,7,The Mule
2025-05-13,world,TV,8,Exterritorial
2025-05-13,world,TV,9,The Twilight Saga: Breaking Dawn - Part 2
2025-05-13,world,TV,10,The Twilight Saga: New Moon
2025-05-14,world,TV,1,Nonnas
2025-05-14,world,TV,2,A Deadly American Marriage
2025-05-14,world,TV,3,Untold: The Liver King
2025-05-14,world,TV,4,Beetlejuice Beetlejuice
2025-05-14,world,TV,5,Bad Influence
2025-05-14,world,TV,6,Home
2025-05-14,world,TV,7,Twilight
2025-05-14,world,TV,8,The Twilight Saga: Breaking Dawn - Part 2
2025-05-14,world,TV,9,The Mule
2025-05-14,world,TV,10,The Twilight Saga: New Moon
2025-05-15,world,TV,1,Nonnas
2025-05-15,world,TV,2,A Deadly American Marriage
2025-05-15,world,TV,3,Untold: The Liver King
2025-05-15,world,TV,4,Home
2025-05-15,world,TV,5,Beetlejuice Beetlejuice
2025-05-15,world,TV,6,Smile
2025-05-15,world,TV,7,Bad Influence
2025-05-15,world,TV,8,Twilight
2025-05-15,world,TV,9,The Twilight Saga: Breaking Dawn - Part 2
2025-05-15,world,TV,10,Despicable Me 4
2025-05-16,world,TV,1,Nonnas
2025-05-16,world,TV,2,A Deadly American Marriage
2025-05-16,world,TV,3,Paddington in Peru
2025-05-16,world,TV,4,Untold: The Liver King
2025-05-16,world,TV,5,Home
2025-05-16,world,TV,6,I Still Believe
2025-05-16,world,TV,7,Beetlejuice Beetlejuice
2025-05-16,world,TV,8,Despicable Me 4
2025-05-16,world,TV,9,Smile
2025-05-16,world,TV,10,Twilight
2025-05-17,world,TV,1,Nonnas
2025-05-17,world,TV,2,Instant Family
2025-05-17,world,TV,3,A Deadly American Marriage
2025-05-17,world,TV,4,Paddington in Peru
2025-05-17,world,TV,5,Home
2025-05-17,world,TV,6,Untold: The Liver King
2025-05-17,world,TV,7,I Still Believe
2025-05-17,world,TV,8,Beetlejuice Beetlejuice
2025-05-17,world,TV,9,Despicable Me 4
2025-05-17,world,TV,10,Twilight
2025-05-18,world,TV,1,Nonnas
2025-05-18,world,TV,2,Instant Family
2025-05-18,world,TV,3,A Deadly American Marriage
2025-05-18,world,TV,4,Paddington in Peru
2025-05-18,world,TV,5,I Still Believe
2025-05-18,world,TV,6,Home
2025-05-18,world,TV,7,Beetlejuice Beetlejuice
2025-05-18,world,TV,8,Untold: The Liver King
2025-05-18,world,TV,9,Despicable Me 4
2025-05-18,world,TV,10,Twilight
2025-05-19,world,TV,1,Instant Family
2025-05-19,world,TV,2,Nonnas
2025-05-19,world,TV,3,A Deadly American Marriage
2025-05-19,world,TV,4,I Still Believe
2025-05-19,world,TV,5,Home
2025-05-19,world,TV,6,Paddington in Peru
2025-05-19,world,TV,7,Beetlejuice Beetlejuice
2025-05-19,world,TV,8,Despicable Me 4
2025-05-19,world,TV,9,Untold: The Liver King
2025-05-19,world,TV,10,Twilight
2025-05-20,world,TV,1,Instant Family
2025-05-20,world,TV,2,Nonnas
2025-05-20,world,TV,3,A Deadly American Marriage
2025-05-20,world,TV,4,I Still Believe
2025-05-20,world,TV,5,Home
2025-05-20,world,TV,6,Despicable Me 4
2025-05-20,world,TV,7,Beetlejuice Beetlejuice
2025-05-20,world,TV,8,Untold: The Liver King
2025-05-20,world,TV,9,Paddington in Peru
2025-05-20,world,TV,10,Twilight
2025-05-21,world,TV,1,Untold: The Fall of Favre
2025-05-21,world,TV,2,Instant Family
2025-05-21,world,TV,3,Nonnas
2025-05-21,world,TV,4,A Deadly American Marriage
2025-05-21,world,TV,5,Home
2025-05-21,world,TV,6,I Still Believe
2025-05-21,world,TV,7,Despicable Me 4
2025-05-21,world,TV,8,Trolls
2025-05-21,world,TV,9,Beetlejuice Beetlejuice
2025-05-21,world,TV,10,Twilight
2025-05-22,world,TV,1,Untold: The Fall of Favre
2025-05-22,world,TV,2,Instant Family
2025-05-22,world,TV,3,Nonnas
2025-05-22,world,TV,4,A Deadly American Marriage
2025-05-22,world,TV,5,Home
2025-05-22,world,TV,6,Despicable Me 4
2025-05-22,world,TV,7,I Still Believe
2025-05-22,world,TV,8,Trolls
2025-05-22,world,TV,9,Twilight
2025-05-22,world,TV,10,Beetlejuice Beetlejuice
2025-05-23,world,TV,1,Untold: The Fall of Favre
2025-05-23,world,TV,2,Instant Family
2025-05-23,world,TV,3,Nonnas
2025-05-23,world,TV,4,Home
2025-05-23,world,TV,5,Despicable Me 4
2025-05-23,world,TV,6,A Deadly American Marriage
2025-05-23,world,TV,7,I Still Believe
2025-05-23,world,TV,8,Trolls
2025-05-23,world,TV,9,Twilight
2025-05-23,world,TV,10,The Croods
2025-05-24,world,TV,1,Fear Street: Prom Queen
2025-05-24,world,TV,2,Untold: The Fall of Favre
2025-05-24,world,TV,3,Instant Family
2025-05-24,world,TV,4,Air Force Elite: Thunderbirds
2025-05-24,world,TV,5,Nonnas
2025-05-24,world,TV,6,Home
2025-05-24,world,TV,7,Despicable Me 4
2025-05-24,world,TV,8,A Deadly American Marriage
2025-05-24,world,TV,9,Trolls
2025-05-24,world,TV,10,The Croods
2025-05-25,world,TV,1,The Wild Robot
2025-05-25,world,TV,2,Fear Street: Prom Queen
2025-05-25,world,TV,3,Instant Family
2025-05-25,world,TV,4,Untold: The Fall of Favre
2025-05-25,world,TV,5,Air Force Elite: Thunderbirds
2025-05-25,world,TV,6,Nonnas
2025-05-25,world,TV,7,Despicable Me 4
2025-05-25,world,TV,8,Home
2025-05-25,world,TV,9,A Deadly American Marriage
2025-05-25,world,TV,10,Havoc
2025-05-26,world,TV,1,The Wild Robot
2025-05-26,world,TV,2,Fear Street: Prom Queen
2025-05-26,world,TV,3,Instant Family
2025-05-26,world,TV,4,Untold: The Fall of Favre
2025-05-26,world,TV,5,Nonnas
2025-05-26,world,TV,6,Air Force Elite: Thunderbirds
2025-05-26,world,TV,7,Despicable Me 4
2025-05-26,world,TV,8,Havoc
2025-05-26,world,TV,9,Home
2025-05-26,world,TV,10,A Deadly American Marriage
2025-05-27,world,TV,1,The Wild Robot
2025-05-27,world,TV,2,Fear Street: Prom Queen
2025-05-27,world,TV,3,Instant Family
2025-05-27,world,TV,4,Pig
2025-05-27,world,TV,5,Nonnas
2025-05-27,world,TV,6,Untold: The Fall of Favre
2025-05-27,world,TV,7,Air Force Elite: Thunderbirds
2025-05-27,world,TV,8,Despicable Me 4
2025-05-27,world,TV,9,Home
2025-05-27,world,TV,10,Havoc
2025-05-28,world,TV,1,The Wild Robot
2025-05-28,world,TV,2,Fear Street: Prom Queen
2025-05-28,world,TV,3,Instant Family
2025-05-28,world,TV,4,Pig
2025-05-28,world,TV,5,Despicable Me 4
2025-05-28,world,TV,6,Untold: The Fall of Favre
2025-05-28,world,TV,7,Nonnas
2025-05-28,world,TV,8,Home
2025-05-28,world,TV,9,Air Force Elite: Thunderbirds
2025-05-28,world,TV,10,Havoc
2025-05-29,world,TV,1,The Wild Robot
2025-05-29,world,TV,2,Instant Family
2025-05-29,world,TV,3,Fear Street: Prom Queen
2025-05-29,world,TV,4,Pig
2025-05-29,world,TV,5,Despicable Me 4
2025-05-29,world,TV,6,Nonnas
2025-05-29,world,TV,7,Home
2025-05-29,world,TV,8,Untold: The Fall of Favre
2025-05-29,world,TV,9,Havoc
2025-05-29,world,TV,10,Trolls
2025-05-30,world,TV,1,The Wild Robot
2025-05-30,world,TV,2,Instant Family
2025-05-30,world,TV,3,Despicable Me 4
2025-05-30,world,TV,4,Pig
2025-05-30,world,TV,5,Fear Street: Prom Queen
2025-05-30,world,TV,6,Nonnas
2025-05-30,world,TV,7,Home
2025-05-30,world,TV,8,Trolls
2025-05-30,world,TV,9,Untold: The Fall of Favre
2025-05-30,world,TV,10,The Boss Baby
2025-05-31,world,TV,1,The Wild Robot
2025-05-31,world,TV,2,A Widow's Game
2025-05-31,world,TV,3,Instant Family
2025-05-31,world,TV,4,Nonnas
2025-05-31,world,TV,5,Despicable Me 4
2025-05-31,world,TV,6,Pig
2025-05-31,world,TV,7,Fear Street: Prom Queen
2025-05-31,world,TV,8,Home
2025-05-31,world,TV,9,The Heart Knows
2025-05-31,world,TV,10,Trolls
2025-06-01,world,TV,1,A Widow's Game
2025-06-01,world,TV,2,The Wild Robot
2025-06-01,world,TV,3,The Heart Knows
2025-06-01,world,TV,4,Nonnas
2025-06-01,world,TV,5,Instant Family
2025-06-01,world,TV,6,Pig
2025-06-01,world,TV,7,Despicable Me 4
2025-06-01,world,TV,8,Home
2025-06-01,world,TV,9,Fear Street: Prom Queen
2025-06-01,world,TV,10,Trolls
2025-06-02,world,TV,1,A Widow's Game
2025-06-02,world,TV,2,The Wild Robot
2025-06-02,world,TV,3,The Heart Knows
2025-06-02,world,TV,4,Barbarian
2025-06-02,world,TV,5,Nonnas
2025-06-02,world,TV,6,Instant Family
2025-06-02,world,TV,7,Despicable Me 4
2025-06-02,world,TV,8,Bee Movie
2025-06-02,world,TV,9,Pig
2025-06-02,world,TV,10,The Night Before
2025-06-03,world,TV,1,A Widow's Game
2025-06-03,world,TV,2,The Wild Robot
2025-06-03,world,TV,3,Barbarian
2025-06-03,world,TV,4,Bee Movie
2025-06-03,world,TV,5,The Heart Knows
2025-06-03,world,TV,6,Now You See Me
2025-06-03,world,TV,7,Despicable Me 4
2025-06-03,world,TV,8,Wrath of the Titans
2025-06-03,world,TV,9,Home
2025-06-03,world,TV,10,Instant Family
2025-06-04,world,TV,1,Now You See Me
2025-06-04,world,TV,2,A Widow's Game
2025-06-04,world,TV,3,Wrath of the Titans
2025-06-04,world,TV,4,Bee Movie
2025-06-04,world,TV,5,The Wild Robot
2025-06-04,world,TV,6,Barbarian
2025-06-04,world,TV,7,Now You See Me 2
2025-06-04,world,TV,8,Despicable Me 4
2025-06-04,world,TV,9,The Heart Knows
2025-06-04,world,TV,10,Home
2025-06-05,world,TV,1,Now You See Me
2025-06-05,world,TV,2,Wrath of the Titans
2025-06-05,world,TV,3,Bee Movie
2025-06-05,world,TV,4,Now You See Me 2
2025-06-05,world,TV,5,A Widow's Game
2025-06-05,world,TV,6,Barbarian
2025-06-05,world,TV,7,The Wild Robot
2025-06-05,world,TV,8,Despicable Me 4
2025-06-05,world,TV,9,The Heart Knows
2025-06-05,world,TV,10,Home
2025-06-06,world,TV,1,Now You See Me
2025-06-06,world,TV,2,Bee Movie
2025-06-06,world,TV,3,Wrath of the Titans
2025-06-06,world,TV,4,Now You See Me 2
2025-06-06,world,TV,5,The Wild Robot
2025-06-06,world,TV,6,Barbarian
2025-06-06,world,TV,7,A Widow's Game
2025-06-06,world,TV,8,Despicable Me 4
2025-06-06,world,TV,9,Home
2025-06-06,world,TV,10,The Town
2025-06-07,world,TV,1,Straw
2025-06-07,world,TV,2,Now You See Me
2025-06-07,world,TV,3,Bee Movie
2025-06-07,world,TV,4,Wrath of the Titans
2025-06-07,world,TV,5,K.O.
2025-06-07,world,TV,6,Now You See Me 2
2025-06-07,world,TV,7,The Wild Robot
2025-06-07,world,TV,8,The Town
2025-06-07,world,TV,9,Barbarian
2025-06-07,world,TV,10,Despicable Me 4
2025-06-08,world,TV,1,Straw
2025-06-08,world,TV,2,Now You See Me
2025-06-08,world,TV,3,K.O.
2025-06-08,world,TV,4,Bee Movie
2025-06-08,world,TV,5,Now You See Me 2
2025-06-08,world,TV,6,Wrath of the Titans
2025-06-08,world,TV,7,The Town
2025-06-08,world,TV,8,Barbarian
2025-06-08,world,TV,9,The Wild Robot
2025-06-08,world,TV,10,Despicable Me 4
2025-06-09,world,TV,1,Straw
2025-06-09,world,TV,2,K.O.
2025-06-09,world,TV,3,Now You See Me
2025-06-09,world,TV,4,Bee Movie
2025-06-09,world,TV,5,Now You See Me 2
2025-06-09,world,TV,6,Wrath of the Titans
2025-06-09,world,TV,7,The Town
2025-06-09,world,TV,8,Barbarian
2025-06-09,world,TV,9,The Wild Robot
2025-06-09,world,TV,10,Despicable Me 4
2025-06-10,world,TV,1,Straw
2025-06-10,world,TV,2,Get Hard
2025-06-10,world,TV,3,K.O.
2025-06-10,world,TV,4,Bee Movie
2025-06-10,world,TV,5,Now You See Me
2025-06-10,world,TV,6,Now You See Me 2
2025-06-10,world,TV,7,Despicable Me 4
2025-06-10,world,TV,8,The Town
2025-06-10,world,TV,9,The Wild Robot
2025-06-10,world,TV,10,Wrath of the Titans
2025-06-11,world,TV,1,Straw
2025-06-11,world,TV,2,Get Hard
2025-06-11,world,TV,3,Bee Movie
2025-06-11,world,TV,4,K.O.
2025-06-11,world,TV,5,Trainwreck: The Astroworld Tragedy
2025-06-11,world,TV,6,Now You See Me
2025-06-11,world,TV,7,Despicable Me 4
2025-06-11,world,TV,8,Now You See Me 2
2025-06-11,world,TV,9,The Town
2025-06-11,world,TV,10,The Wild Robot
2025-06-12,world,TV,1,Straw
2025-06-12,world,TV,2,Titan: The OceanGate Submersible Disaster
2025-06-12,world,TV,3,Get Hard
2025-06-12,world,TV,4,Bee Movie
2025-06-12,world,TV,5,K.O.
2025-06-12,world,TV,6,Trainwreck: The Astroworld Tragedy
2025-06-12,world,TV,7,Despicable Me 4
2025-06-12,world,TV,8,Now You See Me
2025-06-12,world,TV,9,Now You See Me 2
2025-06-12,world,TV,10,The Town
2025-06-13,world,TV,1,Straw
2025-06-13,world,TV,2,Titan: The OceanGate Submersible Disaster
2025-06-13,world,TV,3,Plane
2025-06-13,world,TV,4,Get Hard
2025-06-13,world,TV,5,Bee Movie
2025-06-13,world,TV,6,Trainwreck: The Astroworld Tragedy
2025-06-13,world,TV,7,K.O.
2025-06-13,world,TV,8,Despicable Me 4
2025-06-13,world,TV,9,Now You See Me
2025-06-13,world,TV,10,Now You See Me 2
2025-06-14,world,TV,1,Straw
2025-06-14,world,TV,2,Plane
2025-06-14,world,TV,3,Titan: The OceanGate Submersible Disaster
2025-06-14,world,TV,4,Trainwreck: The Astroworld Tragedy
2025-06-14,world,TV,5,Get Hard
2025-06-14,world,TV,6,Bee Movie
2025-06-14,world,TV,7,K.O.
2025-06-14,world,TV,8,Despicable Me 4
2025-06-14,world,TV,9,Now You See Me
2025-06-14,world,TV,10,Our Times
2025-06-15,world,TV,1,Plane
2025-06-15,world,TV,2,Straw
2025-06-15,world,TV,3,Titan: The OceanGate Submersible Disaster
2025-06-15,world,TV,4,Trainwreck: The Astroworld Tragedy
2025-06-15,world,TV,5,Get Hard
2025-06-15,world,TV,6,Bee Movie
2025-06-15,world,TV,7,K.O.
2025-06-15,world,TV,8,Our Times
2025-06-15,world,TV,9,Despicable Me 4
2025-06-15,world,TV,10,Now You See Me
2025-06-16,world,TV,1,Plane
2025-06-16,world,TV,2,Straw
2025-06-16,world,TV,3,Titan: The OceanGate Submersible Disaster
2025-06-16,world,TV,4,Trainwreck: The Astroworld Tragedy
2025-06-16,world,TV,5,Get Hard
2025-06-16,world,TV,6,Bee Movie
2025-06-16,world,TV,7,Our Times
2025-06-16,world,TV,8,K.O.
2025-06-16,world,TV,9,Despicable Me 4
2025-06-16,world,TV,10,Copycat
2025-06-17,world,TV,1,Plane
2025-06-17,world,TV,2,Straw
2025-06-17,world,TV,3,Titan: The OceanGate Submersible Disaster
2025-06-17,world,TV,4,Trainwreck: The Astroworld Tragedy
2025-06-17,world,TV,5,Get Hard
2025-06-17,world,TV,6,Bee Movie
2025-06-17,world,TV,7,Our Times
2025-06-17,world,TV,8,K.O.
2025-06-17,world,TV,9,Despicable Me 4
2025-06-17,world,TV,10,Copycat
2025-06-18,world,TV,1,Plane
2025-06-18,world,TV,2,Trainwreck: The Astroworld Tragedy
2025-06-18,world,TV,3,Straw
2025-06-18,world,TV,4,Trainwreck: Mayor of Mayhem
2025-06-18,world,TV,5,The Last Witch Hunter
2025-06-18,world,TV,6,Titan: The OceanGate Submersible Disaster
2025-06-18,world,TV,7,Bee Movie
2025-06-18,world,TV,8,Despicable Me 4
2025-06-18,world,TV,9,Copycat
2025-06-18,world,TV,10,Get Hard
2025-06-19,world,TV,1,Plane
2025-06-19,world,TV,2,Trainwreck: The Astroworld Tragedy
2025-06-19,world,TV,3,Trainwreck: Mayor of Mayhem
2025-06-19,world,TV,4,Straw
2025-06-19,world,TV,5,The Last Witch Hunter
2025-06-19,world,TV,6,Titan: The OceanGate Submersible Disaster
2025-06-19,world,TV,7,Bee Movie
2025-06-19,world,TV,8,Despicable Me 4
2025-06-19,world,TV,9,Copycat
2025-06-19,world,TV,10,Get Hard
2025-06-20,world,TV,1,Plane
2025-06-20,world,TV,2,Trainwreck: The Astroworld Tragedy
2025-06-20,world,TV,3,Straw
2025-06-20,world,TV,4,Trainwreck: Mayor of Mayhem
2025-06-20,world,TV,5,The Last Witch Hunter
2025-06-20,world,TV,6,Despicable Me 4
2025-06-20,world,TV,7,Titan: The OceanGate Submersible Disaster
2025-06-20,world,TV,8,Bee Movie
2025-06-20,world,TV,9,Copycat
2025-06-20,world,TV,10,Get Hard
2025-06-21,world,TV,1,KPop Demon Hunters
2025-06-21,world,TV,2,Plane
2025-06-21,world,TV,3,Trainwreck: The Astroworld Tragedy
2025-06-21,world,TV,4,Straw
2025-06-21,world,TV,5,Trainwreck: Mayor of Mayhem
2025-06-21,world,TV,6,The Last Witch Hunter
2025-06-21,world,TV,7,Despicable Me 4
2025-06-21,world,TV,8,Copycat
2025-06-21,world,TV,9,Bee Movie
2025-06-21,world,TV,10,Titan: The OceanGate Submersible Disaster
2025-06-22,world,TV,1,KPop Demon Hunters
2025-06-22,world,TV,2,Plane
2025-06-22,world,TV,3,Straw
2025-06-22,world,TV,4,Trainwreck: The Astroworld Tragedy
2025-06-22,world,TV,5,The Last Witch Hunter
2025-06-22,world,TV,6,Trainwreck: Mayor of Mayhem
2025-06-22,world,TV,7,Copycat
2025-06-22,world,TV,8,Despicable Me 4
2025-06-22,world,TV,9,Bee Movie
2025-06-22,world,TV,10,Titan: The OceanGate Submersible Disaster
2025-06-23,world,TV,1,The Intern
2025-06-23,world,TV,2,KPop Demon Hunters
2025-06-23,world,TV,3,Plane
2025-06-23,world,TV,4,Straw
2025-06-23,world,TV,5,Trainwreck: The Astroworld Tragedy
2025-06-23,world,TV,6,The Last Witch Hunter
2025-06-23,world,TV,7,Trainwreck: Mayor of Mayhem
2025-06-23,world,TV,8,Despicable Me 4
2025-06-23,world,TV,9,Copycat
2025-06-23,world,TV,10,Bee Movie
2025-06-24,world,TV,1,KPop Demon Hunters
2025-06-24,world,TV,2,The Intern
2025-06-24,world,TV,3,Plane
2025-06-24,world,TV,4,Straw
2025-06-24,world,TV,5,Trainwreck: The Astroworld Tragedy
2025-06-24,world,TV,6,Despicable Me 4
2025-06-24,world,TV,7,Trainwreck: Mayor of Mayhem
2025-06-24,world,TV,8,The Last Witch Hunter
2025-06-24,world,TV,9,Bee Movie
2025-06-24,world,TV,10,Copycat
2025-06-25,world,TV,1,Trainwreck: Poop Cruise
2025-06-25,world,TV,2,KPop Demon Hunters
2025-06-25,world,TV,3,The Intern
2025-06-25,world,TV,4,Plane
2025-06-25,world,TV,5,Despicable Me 4
2025-06-25,world,TV,6,Trainwreck: The Astroworld Tragedy
2025-06-25,world,TV,7,Straw
2025-06-25,world,TV,8,Trainwreck: Mayor of Mayhem
2025-06-25,world,TV,9,Bee Movie
2025-06-25,world,TV,10,Home
2025-06-26,world,TV,1,Trainwreck: Poop Cruise
2025-06-26,world,TV,2,KPop Demon Hunters
2025-06-26,world,TV,3,The Intern
2025-06-26,world,TV,4,Plane
2025-06-26,world,TV,5,Despicable Me 4
2025-06-26,world,TV,6,Trainwreck: The Astroworld Tragedy
2025-06-26,world,TV,7,Straw
2025-06-26,world,TV,8,Trainwreck: Mayor of Mayhem
2025-06-26,world,TV,9,Bee Movie
2025-06-26,world,TV,10,Home
2025-06-28,world,TV,1,Trainwreck: Poop Cruise
2025-06-28,world,TV,2,KPop Demon Hunters
2025-06-28,world,TV,3,Miracles from Heaven
2025-06-28,world,TV,4,The Intern
2025-06-28,world,TV,5,Plane
2025-06-28,world,TV,6,Despicable Me 4
2025-06-28,world,TV,7,Straw
2025-06-28,world,TV,8,Bee Movie
2025-06-28,world,TV,9,Trainwreck: Mayor of Mayhem
2025-06-28,world,TV,10,Sing
2025-06-29,world,TV,1,Trainwreck: Poop Cruise
2025-06-29,world,TV,2,KPop Demon Hunters
2025-06-29,world,TV,3,Miracles from Heaven
2025-06-29,world,TV,4,The Intern
2025-06-29,world,TV,5,Plane
2025-06-29,world,TV,6,Paws of Fury: The Legend of Hank
2025-06-29,world,TV,7,Despicable Me 4
2025-06-29,world,TV,8,Straw
2025-06-29,world,TV,9,Trainwreck: Mayor of Mayhem
2025-06-29,world,TV,10,Bee Movie
2025-06-30,world,TV,1,Trainwreck: Poop Cruise
2025-06-30,world,TV,2,KPop Demon Hunters
2025-06-30,world,TV,3,The Intern
2025-06-30,world,TV,4,Miracles from Heaven
2025-06-30,world,TV,5,Plane
2025-06-30,world,TV,6,Paws of Fury: The Legend of Hank
2025-06-30,world,TV,7,Despicable Me 4
2025-06-30,world,TV,8,Straw
2025-06-30,world,TV,9,Trainwreck: Mayor of Mayhem
2025-06-30,world,TV,10,Bee Movie
2025-07-01,world,TV,1,KPop Demon Hunters
2025-07-01,world,TV,2,Trainwreck: Poop Cruise
2025-07-01,world,TV,3,Shark Whisperer
2025-07-01,world,TV,4,Miracles from Heaven
2025-07-01,world,TV,5,The Intern
2025-07-01,world,TV,6,Despicable Me 4
2025-07-01,world,TV,7,Paws of Fury: The Legend of Hank
2025-07-01,world,TV,8,Plane
2025-07-01,world,TV,9,Bee Movie
2025-07-01,world,TV,10,The Boss Baby
2025-07-02,world,TV,1,Grown Ups 2
2025-07-02,world,TV,2,KPop Demon Hunters
2025-07-02,world,TV,3,Trainwreck: The Cult of American Apparel
2025-07-02,world,TV,4,Trainwreck: Poop Cruise
2025-07-02,world,TV,5,Hitman's Wife's Bodyguard
2025-07-02,world,TV,6,Shark Whisperer
2025-07-02,world,TV,7,Mission: Impossible - Rogue Nation
2025-07-02,world,TV,8,Red Eye
2025-07-02,world,TV,9,The Hitman's Bodyguard
2025-07-02,world,TV,10,The Intern
2025-07-03,world,TV,1,The Old Guard 2
2025-07-03,world,TV,2,KPop Demon Hunters
2025-07-03,world,TV,3,Grown Ups 2
2025-07-03,world,TV,4,Trainwreck: The Cult of American Apparel
2025-07-03,world,TV,5,Trainwreck: Poop Cruise
2025-07-03,world,TV,6,The Hitman's Bodyguard
2025-07-03,world,TV,7,The Old Guard
2025-07-03,world,TV,8,Shark Whisperer
2025-07-03,world,TV,9,Hitman's Wife's Bodyguard
2025-07-03,world,TV,10,Grown Ups
2025-07-04,world,TV,1,The Old Guard 2
2025-07-04,world,TV,2,KPop Demon Hunters
2025-07-04,world,TV,3,Grown Ups 2
2025-07-04,world,TV,4,Trainwreck: The Cult of American Apparel
2025-07-04,world,TV,5,Trainwreck: Poop Cruise
2025-07-04,world,TV,6,Grown Ups
2025-07-04,world,TV,7,The Hitman's Bodyguard
2025-07-04,world,TV,8,The Old Guard
2025-07-04,world,TV,9,Shark Whisperer
2025-07-04,world,TV,10,Hitman's Wife's Bodyguard
2025-07-05,world,TV,1,The Old Guard 2
2025-07-05,world,TV,2,KPop Demon Hunters
2025-07-05,world,TV,3,Grown Ups 2
2025-07-05,world,TV,4,Trainwreck: The Cult of American Apparel
2025-07-05,world,TV,5,The Hitman's Bodyguard
2025-07-05,world,TV,6,Grown Ups
2025-07-05,world,TV,7,Trainwreck: Poop Cruise
2025-07-05,world,TV,8,The Old Guard
2025-07-05,world,TV,9,Hitman's Wife's Bodyguard
2025-07-05,world,TV,10,Red Eye
2025-07-06,world,TV,1,The Old Guard 2
2025-07-06,world,TV,2,KPop Demon Hunters
2025-07-06,world,TV,3,Grown Ups 2
2025-07-06,world,TV,4,The Hitman's Bodyguard
2025-07-06,world,TV,5,Trainwreck: The Cult of American Apparel
2025-07-06,world,TV,6,Grown Ups
2025-07-06,world,TV,7,Trainwreck: Poop Cruise
2025-07-06,world,TV,8,The Old Guard
2025-07-06,world,TV,9,Red Eye
2025-07-06,world,TV,10,Hitman's Wife's Bodyguard
2025-07-07,world,TV,1,The Old Guard 2
2025-07-07,world,TV,2,KPop Demon Hunters
2025-07-07,world,TV,3,Grown Ups 2
2025-07-07,world,TV,4,The Hitman's Bodyguard
2025-07-07,world,TV,5,Red Eye
2025-07-07,world,TV,6,Grown Ups
2025-07-07,world,TV,7,Trainwreck: The Cult of American Apparel
2025-07-07,world,TV,8,Trainwreck: Poop Cruise
2025-07-07,world,TV,9,The Old Guard
2025-07-07,world,TV,10,Hitman's Wife's Bodyguard
2025-07-08,world,TV,1,KPop Demon Hunters
2025-07-08,world,TV,2,The Old Guard 2
2025-07-08,world,TV,3,Grown Ups 2
2025-07-08,world,TV,4,Red Eye
2025-07-08,world,TV,5,Grown Ups
2025-07-08,world,TV,6,Penguins of Madagascar
2025-07-08,world,TV,7,The Hitman's Bodyguard
2025-07-08,world,TV,8,Trainwreck: The Cult of American Apparel
2025-07-08,world,TV,9,Trainwreck: Poop Cruise
2025-07-08,world,TV,10,The Old Guard
2025-07-09,world,TV,1,KPop Demon Hunters
2025-07-09,world,TV,2,Trainwreck: The Real Project X
2025-07-09,world,TV,3,The Old Guard 2
2025-07-09,world,TV,4,Grown Ups 2
2025-07-09,world,TV,5,Penguins of Madagascar
2025-07-09,world,TV,6,Grown Ups
2025-07-09,world,TV,7,Red Eye
2025-07-09,world,TV,8,A Star Is Born
2025-07-09,world,TV,9,The Hitman's Bodyguard
2025-07-09,world,TV,10,Trainwreck: Poop Cruise
2025-07-10,world,TV,1,KPop Demon Hunters
2025-07-10,world,TV,2,Trainwreck: The Real Project X
2025-07-10,world,TV,3,The Old Guard 2
2025-07-10,world,TV,4,Penguins of Madagascar
2025-07-10,world,TV,5,Grown Ups
2025-07-10,world,TV,6,Grown Ups 2
2025-07-10,world,TV,7,A Star Is Born
2025-07-10,world,TV,8,Red Eye
2025-07-10,world,TV,9,Despicable Me 4
2025-07-10,world,TV,10,Trainwreck: Poop Cruise
2025-07-11,world,TV,1,KPop Demon Hunters
2025-07-11,world,TV,2,Trainwreck: The Real Project X
2025-07-11,world,TV,3,Brick
2025-07-11,world,TV,4,Penguins of Madagascar
2025-07-11,world,TV,5,The Old Guard 2
2025-07-11,world,TV,6,Grown Ups
2025-07-11,world,TV,7,Grown Ups 2
2025-07-11,world,TV,8,A Star Is Born
2025-07-11,world,TV,9,Despicable Me 4
2025-07-11,world,TV,10,Red Eye
2025-07-12,world,TV,1,Madea's Destination Wedding
2025-07-12,world,TV,2,KPop Demon Hunters
2025-07-12,world,TV,3,Brick
2025-07-12,world,TV,4,Almost Cops
2025-07-12,world,TV,5,Penguins of Madagascar
2025-07-12,world,TV,6,Trainwreck: The Real Project X
2025-07-12,world,TV,7,The Old Guard 2
2025-07-12,world,TV,8,Grown Ups
2025-07-12,world,TV,9,Tyler Perry's A Madea Homecoming
2025-07-12,world,TV,10,Grown Ups 2
2025-07-13,world,TV,1,Madea's Destination Wedding
2025-07-13,world,TV,2,KPop Demon Hunters
2025-07-13,world,TV,3,Brick
2025-07-13,world,TV,4,Almost Cops
2025-07-13,world,TV,5,The Old Guard 2
2025-07-13,world,TV,6,Penguins of Madagascar
2025-07-13,world,TV,7,Tyler Perry's A Madea Homecoming
2025-07-13,world,TV,8,Trainwreck: The Real Project X
2025-07-13,world,TV,9,Grown Ups
2025-07-13,world,TV,10,Grown Ups 2
2025-07-14,world,TV,1,Madea's Destination Wedding
2025-07-14,world,TV,2,KPop Demon Hunters
2025-07-14,world,TV,3,Brick
2025-07-14,world,TV,4,Almost Cops
2025-07-14,world,TV,5,The Old Guard 2
2025-07-14,world,TV,6,Penguins of Madagascar
2025-07-14,world,TV,7,Tyler Perry's A Madea Homecoming
2025-07-14,world,TV,8,Trainwreck: The Real Project X
2025-07-14,world,TV,9,Grown Ups 2
2025-07-14,world,TV,10,Grown Ups
2025-07-15,world,TV,1,Madea's Destination Wedding
2025-07-15,world,TV,2,KPop Demon Hunters
2025-07-15,world,TV,3,Brick
2025-07-15,world,TV,4,Almost Cops
2025-07-15,world,TV,5,Penguins of Madagascar
2025-07-15,world,TV,6,Tyler Perry's A Madea Homecoming
2025-07-15,world,TV,7,The Old Guard 2
2025-07-15,world,TV,8,Happy Gilmore
2025-07-15,world,TV,9,Grown Ups 2
2025-07-15,world,TV,10,Grown Ups
2025-07-16,world,TV,1,Madea's Destination Wedding
2025-07-16,world,TV,2,KPop Demon Hunters
2025-07-16,world,TV,3,Trainwreck: Balloon Boy
2025-07-16,world,TV,4,Brick
2025-07-16,world,TV,5,Penguins of Madagascar
2025-07-16,world,TV,6,Happy Gilmore
2025-07-16,world,TV,7,Tyler Perry's A Madea Homecoming
2025-07-16,world,TV,8,Almost Cops
2025-07-16,world,TV,9,Grown Ups 2
2025-07-16,world,TV,10,Despicable Me 4
2025-07-17,world,TV,1,Madea's Destination Wedding
2025-07-17,world,TV,2,KPop Demon Hunters
2025-07-17,world,TV,3,Ride Along 2
2025-07-17,world,TV,4,Trainwreck: Balloon Boy
2025-07-17,world,TV,5,Brick
2025-07-17,world,TV,6,Krampus
2025-07-17,world,TV,7,Penguins of Madagascar
2025-07-17,world,TV,8,Happy Gilmore
2025-07-17,world,TV,9,Tyler Perry's A Madea Homecoming
2025-07-17,world,TV,10,Despicable Me 4
2025-07-18,world,TV,1,KPop Demon Hunters
2025-07-18,world,TV,2,Madea's Destination Wedding
2025-07-18,world,TV,3,Ride Along 2
2025-07-18,world,TV,4,Trainwreck: Balloon Boy
2025-07-18,world,TV,5,Brick
2025-07-18,world,TV,6,Happy Gilmore
2025-07-18,world,TV,7,Penguins of Madagascar
2025-07-18,world,TV,8,Krampus
2025-07-18,world,TV,9,Despicable Me 4
2025-07-18,world,TV,10,Tyler Perry's A Madea Homecoming
2025-07-19,world,TV,1,KPop Demon Hunters
2025-07-19,world,TV,2,Madea's Destination Wedding
2025-07-19,world,TV,3,Ride Along 2
2025-07-19,world,TV,4,Trainwreck: Balloon Boy
2025-07-19,world,TV,5,Happy Gilmore
2025-07-19,world,TV,6,Brick
2025-07-19,world,TV,7,Penguins of Madagascar
2025-07-19,world,TV,8,Despicable Me 4
2025-07-19,world,TV,9,Krampus
2025-07-19,world,TV,10,Tyler Perry's A Madea Homecoming
2025-07-20,world,TV,1,KPop Demon Hunters
2025-07-20,world,TV,2,Madea's Destination Wedding
2025-07-20,world,TV,3,Ride Along 2
2025-07-20,world,TV,4,Trainwreck: Balloon Boy
2025-07-20,world,TV,5,Happy Gilmore
2025-07-20,world,TV,6,The Cursed
2025-07-20,world,TV,7,Brick
2025-07-20,world,TV,8,Penguins of Madagascar
2025-07-20,world,TV,9,Despicable Me 4
2025-07-20,world,TV,10,The Old Guard 2
2025-07-21,world,TV,1,KPop Demon Hunters
2025-07-21,world,TV,2,Madea's Destination Wedding
2025-07-21,world,TV,3,Ride Along 2
2025-07-21,world,TV,4,Happy Gilmore
2025-07-21,world,TV,5,Trainwreck: Balloon Boy
2025-07-21,world,TV,6,The Cursed
2025-07-21,world,TV,7,Brick
2025-07-21,world,TV,8,Despicable Me 4
2025-07-21,world,TV,9,Penguins of Madagascar
2025-07-21,world,TV,10,Wanted
2025-07-22,world,TV,1,KPop Demon Hunters
2025-07-22,world,TV,2,Madea's Destination Wedding
2025-07-22,world,TV,3,Ride Along 2
2025-07-22,world,TV,4,Happy Gilmore
2025-07-22,world,TV,5,Trainwreck: Balloon Boy
2025-07-22,world,TV,6,Wanted
2025-07-22,world,TV,7,The Cursed
2025-07-22,world,TV,8,Despicable Me 4
2025-07-22,world,TV,9,Brick
2025-07-22,world,TV,10,Penguins of Madagascar
2025-07-23,world,TV,1,KPop Demon Hunters
2025-07-23,world,TV,2,Trainwreck: P.I. Moms
2025-07-23,world,TV,3,Madea's Destination Wedding
2025-07-23,world,TV,4,Happy Gilmore
2025-07-23,world,TV,5,Ride Along 2
2025-07-23,world,TV,6,Trainwreck: Balloon Boy
2025-07-23,world,TV,7,Despicable Me 4
2025-07-23,world,TV,8,Wanted
2025-07-23,world,TV,9,The Cursed
2025-07-23,world,TV,10,Brick
2025-07-24,world,TV,1,KPop Demon Hunters
2025-07-24,world,TV,2,Trainwreck: P.I. Moms
2025-07-24,world,TV,3,Happy Gilmore
2025-07-24,world,TV,4,Madea's Destination Wedding
2025-07-24,world,TV,5,Ride Along 2
2025-07-24,world,TV,6,Despicable Me 4
2025-07-24,world,TV,7,Wanted
2025-07-24,world,TV,8,Trainwreck: Balloon Boy
2025-07-24,world,TV,9,The Cursed
2025-07-24,world,TV,10,Penguins of Madagascar
2025-07-25,world,TV,1,KPop Demon Hunters
2025-07-25,world,TV,2,Until Dawn
2025-07-25,world,TV,3,Hotel Transylvania 3: Summer Vacation
2025-07-25,world,TV,4,Happy Gilmore
2025-07-25,world,TV,5,Trainwreck: P.I. Moms
2025-07-25,world,TV,6,Madea's Destination Wedding
2025-07-25,world,TV,7,Despicable Me 4
2025-07-25,world,TV,8,Ride Along 2
2025-07-25,world,TV,9,Wanted
2025-07-25,world,TV,10,Trainwreck: Balloon Boy
2025-07-26,world,TV,1,Happy Gilmore 2
2025-07-26,world,TV,2,KPop Demon Hunters
2025-07-26,world,TV,3,Happy Gilmore
2025-07-26,world,TV,4,Hotel Transylvania 3: Summer Vacation
2025-07-26,world,TV,5,Until Dawn
2025-07-26,world,TV,6,Madea's Destination Wedding
2025-07-26,world,TV,7,Trainwreck: P.I. Moms
2025-07-26,world,TV,8,Despicable Me 4
2025-07-26,world,TV,9,Wanted
2025-07-26,world,TV,10,Ride Along 2
2025-07-27,world,TV,1,Happy Gilmore 2
2025-07-27,world,TV,2,Happy Gilmore
2025-07-27,world,TV,3,KPop Demon Hunters
2025-07-27,world,TV,4,Hotel Transylvania 3: Summer Vacation
2025-07-27,world,TV,5,Until Dawn
2025-07-27,world,TV,6,Madea's Destination Wedding
2025-07-27,world,TV,7,Trainwreck: P.I. Moms
2025-07-27,world,TV,8,Despicable Me 4
2025-07-27,world,TV,9,Wanted
2025-07-27,world,TV,10,Ride Along 2
2025-07-28,world,TV,1,Happy Gilmore 2
2025-07-28,world,TV,2,Happy Gilmore
2025-07-28,world,TV,3,KPop Demon Hunters
2025-07-28,world,TV,4,Hotel Transylvania 3: Summer Vacation
2025-07-28,world,TV,5,Until Dawn
2025-07-28,world,TV,6,Madea's Destination Wedding
2025-07-28,world,TV,7,Trainwreck: P.I. Moms
2025-07-28,world,TV,8,Despicable Me 4
2025-07-28,world,TV,9,Wanted
2025-07-28,world,TV,10,Grown Ups
2025-07-29,world,TV,1,Happy Gilmore 2
2025-07-29,world,TV,2,KPop Demon Hunters
2025-07-29,world,TV,3,Happy Gilmore
2025-07-29,world,TV,4,Hotel Transylvania 3: Summer Vacation
2025-07-29,world,TV,5,Until Dawn
2025-07-29,world,TV,6,Madea's Destination Wedding
2025-07-29,world,TV,7,Grown Ups
2025-07-29,world,TV,8,Despicable Me 4
2025-07-29,world,TV,9,Grown Ups 2
2025-07-29,world,TV,10,Trainwreck: P.I. Moms
2025-07-30,world,TV,1,Happy Gilmore 2
2025-07-30,world,TV,2,KPop Demon Hunters
2025-07-30,world,TV,3,Trainwreck: Storm Area 51
2025-07-30,world,TV,4,Happy Gilmore
2025-07-30,world,TV,5,Hotel Transylvania 3: Summer Vacation
2025-07-30,world,TV,6,Until Dawn
2025-07-30,world,TV,7,Madea's Destination Wedding
2025-07-30,world,TV,8,Grown Ups
2025-07-30,world,TV,9,Despicable Me 4
2025-07-30,world,TV,10,Grown Ups 2
2025-07-31,world,TV,1,Happy Gilmore 2
2025-07-31,world,TV,2,KPop Demon Hunters
2025-07-31,world,TV,3,Happy Gilmore
2025-07-31,world,TV,4,Trainwreck: Storm Area 51
2025-07-31,world,TV,5,Hotel Transylvania 3: Summer Vacation
2025-07-31,world,TV,6,Until Dawn
2025-07-31,world,TV,7,Madea's Destination Wedding
2025-07-31,world,TV,8,Despicable Me 4
2025-07-31,world,TV,9,Grown Ups
2025-07-31,world,TV,10,Grown Ups 2
2025-08-01,world,TV,1,Happy Gilmore 2
2025-08-01,world,TV,2,KPop Demon Hunters
2025-08-01,world,TV,3,Hotel Transylvania 3: Summer Vacation
2025-08-01,world,TV,4,Trainwreck: Storm Area 51
2025-08-01,world,TV,5,Until Dawn
2025-08-01,world,TV,6,Madea's Destination Wedding
2025-08-01,world,TV,7,Grown Ups
2025-08-01,world,TV,8,Despicable Me 4
2025-08-01,world,TV,9,Grown Ups 2
2025-08-01,world,TV,10,The Boss Baby
2025-08-02,world,TV,1,Happy Gilmore 2
2025-08-02,world,TV,2,My Oxford Year
2025-08-02,world,TV,3,KPop Demon Hunters
2025-08-02,world,TV,4,Hotel Transylvania 3: Summer Vacation
2025-08-02,world,TV,5,After the Sunset
2025-08-02,world,TV,6,Trainwreck: Storm Area 51
2025-08-02,world,TV,7,Thirteen
2025-08-02,world,TV,8,Madea's Destination Wedding
2025-08-02,world,TV,9,Until Dawn
2025-08-02,world,TV,10,Despicable Me
2025-08-03,world,TV,1,Happy Gilmore 2
2025-08-03,world,TV,2,My Oxford Year
2025-08-03,world,TV,3,Freelance
2025-08-03,world,TV,4,KPop Demon Hunters
2025-08-03,world,TV,5,Hotel Transylvania 3: Summer Vacation
2025-08-03,world,TV,6,After the Sunset
2025-08-03,world,TV,7,Trainwreck: Storm Area 51
2025-08-03,world,TV,8,Madea's Destination Wedding
2025-08-03,world,TV,9,Until Dawn
2025-08-03,world,TV,10,Thirteen
2025-08-04,world,TV,1,Happy Gilmore 2
2025-08-04,world,TV,2,My Oxford Year
2025-08-04,world,TV,3,KPop Demon Hunters
2025-08-04,world,TV,4,Freelance
2025-08-04,world,TV,5,After the Sunset
2025-08-04,world,TV,6,Hotel Transylvania 3: Summer Vacation
2025-08-04,world,TV,7,Journey 2: The Mysterious Island
2025-08-04,world,TV,8,Trainwreck: Storm Area 51
2025-08-04,world,TV,9,Madea's Destination Wedding
2025-08-04,world,TV,10,Until Dawn
2025-08-05,world,TV,1,KPop Demon Hunters
2025-08-05,world,TV,2,Happy Gilmore 2
2025-08-05,world,TV,3,My Oxford Year
2025-08-05,world,TV,4,Freelance
2025-08-05,world,TV,5,Hotel Transylvania 3: Summer Vacation
2025-08-05,world,TV,6,Journey 2: The Mysterious Island
2025-08-05,world,TV,7,After the Sunset
2025-08-05,world,TV,8,Despicable Me 2
2025-08-05,world,TV,9,Despicable Me
2025-08-05,world,TV,10,Megamind
2025-08-06,world,TV,1,KPop Demon Hunters
2025-08-06,world,TV,2,Happy Gilmore 2
2025-08-06,world,TV,3,My Oxford Year
2025-08-06,world,TV,4,Freelance
2025-08-06,world,TV,5,Hotel Transylvania 3: Summer Vacation
2025-08-06,world,TV,6,Journey 2: The Mysterious Island
2025-08-06,world,TV,7,After the Sunset
2025-08-06,world,TV,8,The 5th Wave
2025-08-06,world,TV,9,Despicable Me 2
2025-08-06,world,TV,10,Megamind
2025-08-07,world,TV,1,KPop Demon Hunters
2025-08-07,world,TV,2,Happy Gilmore 2
2025-08-07,world,TV,3,My Oxford Year
2025-08-07,world,TV,4,Freelance
2025-08-07,world,TV,5,The 5th Wave
2025-08-07,world,TV,6,Hotel Transylvania 3: Summer Vacation
2025-08-07,world,TV,7,Journey 2: The Mysterious Island
2025-08-07,world,TV,8,Megamind
2025-08-07,world,TV,9,Despicable Me 2
2025-08-07,world,TV,10,After the Sunset
2025-08-08,world,TV,1,KPop Demon Hunters
2025-08-08,world,TV,2,Happy Gilmore 2
2025-08-08,world,TV,3,Freelance
2025-08-08,world,TV,4,My Oxford Year
2025-08-08,world,TV,5,Journey 2: The Mysterious Island
2025-08-08,world,TV,6,The 5th Wave
2025-08-08,world,TV,7,Hotel Transylvania 3: Summer Vacation
2025-08-08,world,TV,8,Megamind
2025-08-08,world,TV,9,Despicable Me 2
2025-08-08,world,TV,10,Radio
2025-08-09,world,TV,1,KPop Demon Hunters
2025-08-09,world,TV,2,Happy Gilmore 2
2025-08-09,world,TV,3,Journey 2: The Mysterious Island
2025-08-09,world,TV,4,My Oxford Year
2025-08-09,world,TV,5,Freelance
2025-08-09,world,TV,6,The 5th Wave
2025-08-09,world,TV,7,Hotel Transylvania 3: Summer Vacation
2025-08-09,world,TV,8,Megamind
2025-08-09,world,TV,9,Gods of Egypt
2025-08-09,world,TV,10,Radio
2025-08-10,world,TV,1,Kandahar
2025-08-10,world,TV,2,KPop Demon Hunters
2025-08-10,world,TV,3,Happy Gilmore 2
2025-08-10,world,TV,4,Gods of Egypt
2025-08-10,world,TV,5,Journey 2: The Mysterious Island
2025-08-10,world,TV,6,Freelance
2025-08-10,world,TV,7,My Oxford Year
2025-08-10,world,TV,8,Megamind
2025-08-10,world,TV,9,The 5th Wave
2025-08-10,world,TV,10,Hotel Transylvania 3: Summer Vacation
2025-08-11,world,TV,1,KPop Demon Hunters
2025-08-11,world,TV,2,Kandahar
2025-08-11,world,TV,3,Gods of Egypt
2025-08-11,world,TV,4,Happy Gilmore 2
2025-08-11,world,TV,5,Marry Me
2025-08-11,world,TV,6,Journey 2: The Mysterious Island
2025-08-11,world,TV,7,My Oxford Year
2025-08-11,world,TV,8,Freelance
2025-08-11,world,TV,9,The 5th Wave
2025-08-11,world,TV,10,Megamind
2025-08-12,world,TV,1,KPop Demon Hunters
2025-08-12,world,TV,2,Kandahar
2025-08-12,world,TV,3,Gods of Egypt
2025-08-12,world,TV,4,Happy Gilmore 2
2025-08-12,world,TV,5,Journey 2: The Mysterious Island
2025-08-12,world,TV,6,Marry Me
2025-08-12,world,TV,7,Megamind
2025-08-12,world,TV,8,My Oxford Year
2025-08-12,world,TV,9,Freelance
2025-08-12,world,TV,10,Hotel Transylvania 3: Summer Vacation
2025-08-13,world,TV,1,KPop Demon Hunters
2025-08-13,world,TV,2,Kandahar
2025-08-13,world,TV,3,Marry Me
2025-08-13,world,TV,4,Happy Gilmore 2
2025-08-13,world,TV,5,Gods of Egypt
2025-08-13,world,TV,6,Journey 2: The Mysterious Island
2025-08-13,world,TV,7,Megamind
2025-08-13,world,TV,8,Despicable Me 2
2025-08-13,world,TV,9,My Oxford Year
2025-08-13,world,TV,10,Hotel Transylvania 3: Summer Vacation
2025-08-14,world,TV,1,KPop Demon Hunters
2025-08-14,world,TV,2,Kandahar
2025-08-14,world,TV,3,Happy Gilmore 2
2025-08-14,world,TV,4,Marry Me
2025-08-14,world,TV,5,Fixed
2025-08-14,world,TV,6,Gods of Egypt
2025-08-14,world,TV,7,Journey 2: The Mysterious Island
2025-08-14,world,TV,8,Despicable Me 2
2025-08-14,world,TV,9,Megamind
2025-08-14,world,TV,10,Hotel Transylvania 3: Summer Vacation
2025-08-15,world,TV,1,KPop Demon Hunters
2025-08-15,world,TV,2,Kandahar
2025-08-15,world,TV,3,Happy Gilmore 2
2025-08-15,world,TV,4,Gods of Egypt
2025-08-15,world,TV,5,Marry Me
2025-08-15,world,TV,6,Despicable Me 2
2025-08-15,world,TV,7,Journey 2: The Mysterious Island
2025-08-15,world,TV,8,Megamind
2025-08-15,world,TV,9,Fixed
2025-08-15,world,TV,10,Hotel Transylvania 3: Summer Vacation
2025-08-16,world,TV,1,Migration
2025-08-16,world,TV,2,KPop Demon Hunters
2025-08-16,world,TV,3,Night Always Comes
2025-08-16,world,TV,4,My Oxford Year
2025-08-16,world,TV,5,Elektra
2025-08-16,world,TV,6,Home
2025-08-16,world,TV,7,Brick
2025-08-16,world,TV,8,Stolen: Heist of the Century
2025-08-16,world,TV,9,My Name Is Vendetta
2025-08-16,world,TV,10,PAW Patrol: The Mighty Movie
2025-08-17,world,TV,1,KPop Demon Hunters
2025-08-17,world,TV,2,Fast & Furious Presents: Hobbs & Shaw
2025-08-17,world,TV,3,Night Always Comes
2025-08-17,world,TV,4,Kandahar
2025-08-17,world,TV,5,Furious 7
2025-08-17,world,TV,6,Happy Gilmore 2
2025-08-17,world,TV,7,Marry Me
2025-08-17,world,TV,8,Hotel Transylvania 3: Summer Vacation
2025-08-17,world,TV,9,Despicable Me 2
2025-08-17,world,TV,10,The Fast and the Furious
2025-08-18,world,TV,1,KPop Demon Hunters
2025-08-18,world,TV,2,Night Always Comes
2025-08-18,world,TV,3,Fast & Furious Presents: Hobbs & Shaw
2025-08-18,world,TV,4,Furious 7
2025-08-18,world,TV,5,Kandahar
2025-08-18,world,TV,6,Happy Gilmore 2
2025-08-18,world,TV,7,Marry Me
2025-08-18,world,TV,8,Hotel Transylvania 3: Summer Vacation
2025-08-18,world,TV,9,Despicable Me 2
2025-08-18,world,TV,10,The Fast and the Furious
2025-08-19,world,TV,1,KPop Demon Hunters
2025-08-19,world,TV,2,Night Always Comes
2025-08-19,world,TV,3,Fast & Furious Presents: Hobbs & Shaw
2025-08-19,world,TV,4,Furious 7
2025-08-19,world,TV,5,Happy Gilmore 2
2025-08-19,world,TV,6,Kandahar
2025-08-19,world,TV,7,Despicable Me 2
2025-08-19,world,TV,8,Hotel Transylvania 3: Summer Vacation
2025-08-19,world,TV,9,The Fast and the Furious
2025-08-19,world,TV,10,Home
2025-08-20,world,TV,1,KPop Demon Hunters
2025-08-20,world,TV,2,Night Always Comes
2025-08-20,world,TV,3,Fast & Furious Presents: Hobbs & Shaw
2025-08-20,world,TV,4,Furious 7
2025-08-20,world,TV,5,The Fast and the Furious
2025-08-20,world,TV,6,Happy Gilmore 2
2025-08-20,world,TV,7,Despicable Me 2
2025-08-20,world,TV,8,Kandahar
2025-08-20,world,TV,9,Hotel Transylvania 3: Summer Vacation
2025-08-20,world,TV,10,Home
2025-08-21,world,TV,1,KPop Demon Hunters
2025-08-21,world,TV,2,Night Always Comes
2025-08-21,world,TV,3,Fast & Furious Presents: Hobbs & Shaw
2025-08-21,world,TV,4,Furious 7
2025-08-21,world,TV,5,Happy Gilmore 2
2025-08-21,world,TV,6,Despicable Me 2
2025-08-21,world,TV,7,The Fast and the Furious
2025-08-21,world,TV,8,Hotel Transylvania 3: Summer Vacation
2025-08-21,world,TV,9,Home
2025-08-21,world,TV,10,Kandahar
2025-08-22,world,TV,1,KPop Demon Hunters
2025-08-22,world,TV,2,Fall for Me
2025-08-22,world,TV,3,Broke
2025-08-22,world,TV,4,Night Always Comes
2025-08-22,world,TV,5,Fast & Furious Presents: Hobbs & Shaw
2025-08-22,world,TV,6,The 355
2025-08-22,world,TV,7,Despicable Me 2
2025-08-22,world,TV,8,Happy Gilmore 2
2025-08-22,world,TV,9,Hotel Transylvania 3: Summer Vacation
2025-08-22,world,TV,10,Home
2025-08-23,world,TV,1,KPop Demon Hunters
2025-08-23,world,TV,2,Fall for Me
2025-08-23,world,TV,3,Broke
2025-08-23,world,TV,4,Night Always Comes
2025-08-23,world,TV,5,Fast & Furious Presents: Hobbs & Shaw
2025-08-23,world,TV,6,The 355
2025-08-23,world,TV,7,Despicable Me 2
2025-08-23,world,TV,8,Happy Gilmore 2
2025-08-23,world,TV,9,Hotel Transylvania 3: Summer Vacation
2025-08-23,world,TV,10,Home
2025-08-24,world,TV,1,KPop Demon Hunters
2025-08-24,world,TV,2,Fall for Me
2025-08-24,world,TV,3,The Truth About Jussie Smollett?
2025-08-24,world,TV,4,Broke
2025-08-24,world,TV,5,The 355
2025-08-24,world,TV,6,Night Always Comes
2025-08-24,world,TV,7,Happy Gilmore 2
2025-08-24,world,TV,8,Hotel Transylvania 3: Summer Vacation
2025-08-24,world,TV,9,Abandoned Man
2025-08-24,world,TV,10,Fast & Furious Presents: Hobbs & Shaw
2025-08-25,world,TV,1,KPop Demon Hunters
2025-08-25,world,TV,2,Fall for Me
2025-08-25,world,TV,3,The Truth About Jussie Smollett?
2025-08-25,world,TV,4,Broke
2025-08-25,world,TV,5,The 355
2025-08-25,world,TV,6,Happy Gilmore 2
2025-08-25,world,TV,7,Night Always Comes
2025-08-25,world,TV,8,Abandoned Man
2025-08-25,world,TV,9,Hotel Transylvania 3: Summer Vacation
2025-08-25,world,TV,10,Fast & Furious Presents: Hobbs & Shaw
2025-08-26,world,TV,1,Transformers: Rise of the Beasts
2025-08-26,world,TV,2,KPop Demon Hunters
2025-08-26,world,TV,3,KPop Demon Hunters - Sing-Along
2025-08-26,world,TV,4,Fall for Me
2025-08-26,world,TV,5,The Truth About Jussie Smollett?
2025-08-26,world,TV,6,Broke
2025-08-26,world,TV,7,Hotel Transylvania 3: Summer Vacation
2025-08-26,world,TV,8,The 355
2025-08-26,world,TV,9,Despicable Me 2
2025-08-26,world,TV,10,Happy Gilmore 2
2025-08-27,world,TV,1,Transformers: Rise of the Beasts
2025-08-27,world,TV,2,KPop Demon Hunters
2025-08-27,world,TV,3,KPop Demon Hunters - Sing-Along
2025-08-27,world,TV,4,The Truth About Jussie Smollett?
2025-08-27,world,TV,5,The 355
2025-08-27,world,TV,6,Fall for Me
2025-08-27,world,TV,7,Hotel Transylvania 3: Summer Vacation
2025-08-27,world,TV,8,Broke
2025-08-27,world,TV,9,Despicable Me 2
2025-08-27,world,TV,10,Home
2025-08-28,world,TV,1,KPop Demon Hunters
2025-08-28,world,TV,2,Transformers: Rise of the Beasts
2025-08-28,world,TV,3,KPop Demon Hunters - Sing-Along
2025-08-28,world,TV,4,The 355
2025-08-28,world,TV,5,The Truth About Jussie Smollett?
2025-08-28,world,TV,6,Hotel Transylvania 3: Summer Vacation
2025-08-28,world,TV,7,Fall for Me
2025-08-28,world,TV,8,Home
2025-08-28,world,TV,9,Despicable Me 2
2025-08-28,world,TV,10,Despicable Me 4
2025-08-29,world,TV,1,The Thursday Murder Club
2025-08-29,world,TV,2,KPop Demon Hunters
2025-08-29,world,TV,3,Transformers: Rise of the Beasts
2025-08-29,world,TV,4,KPop Demon Hunters - Sing-Along
2025-08-29,world,TV,5,The Truth About Jussie Smollett?
2025-08-29,world,TV,6,The 355
2025-08-29,world,TV,7,Hotel Transylvania 3: Summer Vacation
2025-08-29,world,TV,8,Hostiles
2025-08-29,world,TV,9,Abandoned Man
2025-08-29,world,TV,10,Home
2025-08-30,world,TV,1,The Thursday Murder Club
2025-08-30,world,TV,2,Unknown Number: The High School Catfish
2025-08-30,world,TV,3,KPop Demon Hunters
2025-08-30,world,TV,4,Transformers: Rise of the Beasts
2025-08-30,world,TV,5,KPop Demon Hunters - Sing-Along
2025-08-30,world,TV,6,Hostiles
2025-08-30,world,TV,7,Hotel Transylvania 3: Summer Vacation
2025-08-30,world,TV,8,The Truth About Jussie Smollett?
2025-08-30,world,TV,9,Abandoned Man
2025-08-30,world,TV,10,The 355
2025-08-31,world,TV,1,The Thursday Murder Club
2025-08-31,world,TV,2,Unknown Number: The High School Catfish
2025-08-31,world,TV,3,KPop Demon Hunters
2025-08-31,world,TV,4,Transformers: Rise of the Beasts
2025-08-31,world,TV,5,KPop Demon Hunters - Sing-Along
2025-08-31,world,TV,6,Hostiles
2025-08-31,world,TV,7,Hotel Transylvania 3: Summer Vacation
2025-08-31,world,TV,8,The 355
2025-08-31,world,TV,9,Abandoned Man
2025-08-31,world,TV,10,The Truth About Jussie Smollett?
2025-09-01,world,TV,1,Unknown Number: The High School Catfish
2025-09-01,world,TV,2,The Thursday Murder Club
2025-09-01,world,TV,3,KPop Demon Hunters
2025-09-01,world,TV,4,Transformers: Rise of the Beasts
2025-09-01,world,TV,5,KPop Demon Hunters - Sing-Along
2025-09-01,world,TV,6,Hostiles
2025-09-01,world,TV,7,Hotel Transylvania 3: Summer Vacation
2025-09-01,world,TV,8,The 355
2025-09-01,world,TV,9,Happy Gilmore 2
2025-09-01,world,TV,10,Abandoned Man
2025-09-02,world,TV,1,Unknown Number: The High School Catfish
2025-09-02,world,TV,2,The Thursday Murder Club
2025-09-02,world,TV,3,KPop Demon Hunters
2025-09-02,world,TV,4,Shrek the Third
2025-09-02,world,TV,5,Shrek
2025-09-02,world,TV,6,KPop Demon Hunters - Sing-Along
2025-09-02,world,TV,7,Escape Room
2025-09-02,world,TV,8,Transformers: Rise of the Beasts
2025-09-02,world,TV,9,Shrek 2
2025-09-02,world,TV,10,Hostiles
2025-09-03,world,TV,1,Unknown Number: The High School Catfish
2025-09-03,world,TV,2,KPop Demon Hunters
2025-09-03,world,TV,3,The Thursday Murder Club
2025-09-03,world,TV,4,Shrek the Third
2025-09-03,world,TV,5,KPop Demon Hunters - Sing-Along
2025-09-03,world,TV,6,Shrek
2025-09-03,world,TV,7,Escape Room
2025-09-03,world,TV,8,Shrek 2
2025-09-03,world,TV,9,Wind River
2025-09-03,world,TV,10,Abducted on Prom Night
2025-09-04,world,TV,1,Unknown Number: The High School Catfish
2025-09-04,world,TV,2,KPop Demon Hunters
2025-09-04,world,TV,3,The Thursday Murder Club
2025-09-04,world,TV,4,Shrek the Third
2025-09-04,world,TV,5,Wind River
2025-09-04,world,TV,6,Shrek
2025-09-04,world,TV,7,KPop Demon Hunters - Sing-Along
2025-09-04,world,TV,8,Shrek 2
2025-09-04,world,TV,9,Escape Room
2025-09-04,world,TV,10,Shrek Forever After
2025-09-05,world,TV,1,Unknown Number: The High School Catfish
2025-09-05,world,TV,2,KPop Demon Hunters
2025-09-05,world,TV,3,Wind River
2025-09-05,world,TV,4,The Thursday Murder Club
2025-09-05,world,TV,5,Shrek
2025-09-05,world,TV,6,Shrek 2
2025-09-05,world,TV,7,Shrek the Third
2025-09-05,world,TV,8,KPop Demon Hunters - Sing-Along
2025-09-05,world,TV,9,Escape Room
2025-09-05,world,TV,10,Shrek Forever After
2025-09-06,world,TV,1,Unknown Number: The High School Catfish
2025-09-06,world,TV,2,KPop Demon Hunters
2025-09-06,world,TV,3,Shrek
2025-09-06,world,TV,4,The Thursday Murder Club
2025-09-06,world,TV,5,Wind River
2025-09-06,world,TV,6,Shrek 2
2025-09-06,world,TV,7,KPop Demon Hunters - Sing-Along
2025-09-06,world,TV,8,Escape Room
2025-09-06,world,TV,9,Charlie and the Chocolate Factory
2025-09-06,world,TV,10,Shrek the Third
2025-09-07,world,TV,1,Unknown Number: The High School Catfish
2025-09-07,world,TV,2,KPop Demon Hunters
2025-09-07,world,TV,3,Shrek
2025-09-07,world,TV,4,The Thursday Murder Club
2025-09-07,world,TV,5,Shrek 2
2025-09-07,world,TV,6,Charlie and the Chocolate Factory
2025-09-07,world,TV,7,Wind River
2025-09-07,world,TV,8,KPop Demon Hunters - Sing-Along
2025-09-07,world,TV,9,Escape Room
2025-09-07,world,TV,10,Shrek the Third
2025-09-08,world,TV,1,Unknown Number: The High School Catfish
2025-09-08,world,TV,2,KPop Demon Hunters
2025-09-08,world,TV,3,Shrek
2025-09-08,world,TV,4,Shrek 2
2025-09-08,world,TV,5,Charlie and the Chocolate Factory
2025-09-08,world,TV,6,Redeeming Love
2025-09-08,world,TV,7,The Thursday Murder Club
2025-09-08,world,TV,8,Escape Room
2025-09-08,world,TV,9,KPop Demon Hunters - Sing-Along
2025-09-08,world,TV,10,Wind River
2025-09-09,world,TV,1,Unknown Number: The High School Catfish
2025-09-09,world,TV,2,KPop Demon Hunters
2025-09-09,world,TV,3,Shrek
2025-09-09,world,TV,4,Shrek 2
2025-09-09,world,TV,5,Redeeming Love
2025-09-09,world,TV,6,Charlie and the Chocolate Factory
2025-09-09,world,TV,7,KPop Demon Hunters - Sing-Along
2025-09-09,world,TV,8,Escape Room
2025-09-09,world,TV,9,The Thursday Murder Club
2025-09-09,world,TV,10,Shrek Forever After
2025-09-10,world,TV,1,Unknown Number: The High School Catfish
2025-09-10,world,TV,2,KPop Demon Hunters
2025-09-10,world,TV,3,Shrek
2025-09-10,world,TV,4,Daddy's Home
2025-09-10,world,TV,5,Shrek 2
2025-09-10,world,TV,6,Redeeming Love
2025-09-10,world,TV,7,Daddy's Home 2
2025-09-10,world,TV,8,Charlie and the Chocolate Factory
2025-09-10,world,TV,9,KPop Demon Hunters - Sing-Along
2025-09-10,world,TV,10,The Thursday Murder Club
2025-09-11,world,TV,1,aka Charlie Sheen
2025-09-11,world,TV,2,Unknown Number: The High School Catfish
2025-09-11,world,TV,3,KPop Demon Hunters
2025-09-11,world,TV,4,Shrek
2025-09-11,world,TV,5,Shrek 2
2025-09-11,world,TV,6,Daddy's Home
2025-09-11,world,TV,7,Daddy's Home 2
2025-09-11,world,TV,8,KPop Demon Hunters - Sing-Along
2025-09-11,world,TV,9,Redeeming Love
2025-09-11,world,TV,10,Charlie and the Chocolate Factory
2025-09-12,world,TV,1,aka Charlie Sheen
2025-09-12,world,TV,2,KPop Demon Hunters
2025-09-12,world,TV,3,Unknown Number: The High School Catfish
2025-09-12,world,TV,4,Shrek
2025-09-12,world,TV,5,Shrek 2
2025-09-12,world,TV,6,Daddy's Home 2
2025-09-12,world,TV,7,Daddy's Home
2025-09-12,world,TV,8,KPop Demon Hunters - Sing-Along
2025-09-12,world,TV,9,Redeeming Love
2025-09-12,world,TV,10,Charlie and the Chocolate Factory
2025-09-13,world,TV,1,aka Charlie Sheen
2025-09-13,world,TV,2,The Wrong Paris
2025-09-13,world,TV,3,KPop Demon Hunters
2025-09-13,world,TV,4,Unknown Number: The High School Catfish
2025-09-13,world,TV,5,Shrek
2025-09-13,world,TV,6,Daddy's Home 2
2025-09-13,world,TV,7,KPop Demon Hunters - Sing-Along
2025-09-13,world,TV,8,Daddy's Home
2025-09-13,world,TV,9,Shrek 2
2025-09-13,world,TV,10,Redeeming Love
2025-09-14,world,TV,1,The Wrong Paris
2025-09-14,world,TV,2,aka Charlie Sheen
2025-09-14,world,TV,3,KPop Demon Hunters
2025-09-14,world,TV,4,Unknown Number: The High School Catfish
2025-09-14,world,TV,5,KPop Demon Hunters - Sing-Along
2025-09-14,world,TV,6,Daddy's Home 2
2025-09-14,world,TV,7,Shrek
2025-09-14,world,TV,8,Shrek 2
2025-09-14,world,TV,9,Daddy's Home
2025-09-14,world,TV,10,Redeeming Love
2025-09-15,world,TV,1,The Wrong Paris
2025-09-15,world,TV,2,aka Charlie Sheen
2025-09-15,world,TV,3,KPop Demon Hunters
2025-09-15,world,TV,4,Unknown Number: The High School Catfish
2025-09-15,world,TV,5,Moving On
2025-09-15,world,TV,6,Daddy's Home 2
2025-09-15,world,TV,7,Shrek
2025-09-15,world,TV,8,KPop Demon Hunters - Sing-Along
2025-09-15,world,TV,9,Daddy's Home
2025-09-15,world,TV,10,Shrek 2
2025-09-16,world,TV,1,Ice Road: Vengeance
2025-09-16,world,TV,2,The Wrong Paris
2025-09-16,world,TV,3,aka Charlie Sheen
2025-09-16,world,TV,4,KPop Demon Hunters
2025-09-16,world,TV,5,Unknown Number: The High School Catfish
2025-09-16,world,TV,6,Moving On
2025-09-16,world,TV,7,KPop Demon Hunters - Sing-Along
2025-09-16,world,TV,8,Daddy's Home 2
2025-09-16,world,TV,9,Shrek
2025-09-16,world,TV,10,Shrek 2
2025-09-17,world,TV,1,Ice Road: Vengeance
2025-09-17,world,TV,2,The Wrong Paris
2025-09-17,world,TV,3,aka Charlie Sheen
2025-09-17,world,TV,4,KPop Demon Hunters
2025-09-17,world,TV,5,Moving On
2025-09-17,world,TV,6,Unknown Number: The High School Catfish
2025-09-17,world,TV,7,Terror Comes Knocking: The Marcela Borges Story
2025-09-17,world,TV,8,KPop Demon Hunters - Sing-Along
2025-09-17,world,TV,9,Shrek
2025-09-17,world,TV,10,Shrek 2
2025-09-18,world,TV,1,Ice Road: Vengeance
2025-09-18,world,TV,2,The Wrong Paris
2025-09-18,world,TV,3,KPop Demon Hunters
2025-09-18,world,TV,4,aka Charlie Sheen
2025-09-18,world,TV,5,Terror Comes Knocking: The Marcela Borges Story
2025-09-18,world,TV,6,Moving On
2025-09-18,world,TV,7,Unknown Number: The High School Catfish
2025-09-18,world,TV,8,KPop Demon Hunters - Sing-Along
2025-09-18,world,TV,9,Shrek
2025-09-18,world,TV,10,Shrek 2
2025-09-19,world,TV,1,Ice Road: Vengeance
2025-09-19,world,TV,2,The Wrong Paris
2025-09-19,world,TV,3,KPop Demon Hunters
2025-09-19,world,TV,4,aka Charlie Sheen
2025-09-19,world,TV,5,Terror Comes Knocking: The Marcela Borges Story
2025-09-19,world,TV,6,Moving On
2025-09-19,world,TV,7,KPop Demon Hunters - Sing-Along
2025-09-19,world,TV,8,Unknown Number: The High School Catfish
2025-09-19,world,TV,9,Shrek
2025-09-19,world,TV,10,Shrek 2
2025-09-20,world,TV,1,Ice Road: Vengeance
2025-09-20,world,TV,2,KPop Demon Hunters
2025-09-20,world,TV,3,The Wrong Paris
2025-09-20,world,TV,4,aka Charlie Sheen
2025-09-20,world,TV,5,Terror Comes Knocking: The Marcela Borges Story
2025-09-20,world,TV,6,Moving On
2025-09-20,world,TV,7,KPop Demon Hunters - Sing-Along
2025-09-20,world,TV,8,Shrek
2025-09-20,world,TV,9,Cobweb
2025-09-20,world,TV,10,Unknown Number: The High School Catfish
2025-09-21,world,TV,1,Ice Road: Vengeance
2025-09-21,world,TV,2,28 Years Later
2025-09-21,world,TV,3,KPop Demon Hunters
2025-09-21,world,TV,4,The Wrong Paris
2025-09-21,world,TV,5,Terror Comes Knocking: The Marcela Borges Story
2025-09-21,world,TV,6,KPop Demon Hunters - Sing-Along
2025-09-21,world,TV,7,Moving On
2025-09-21,world,TV,8,aka Charlie Sheen
2025-09-21,world,TV,9,Shrek
2025-09-21,world,TV,10,Cobweb
2025-09-22,world,TV,1,28 Years Later
2025-09-22,world,TV,2,Ice Road: Vengeance
2025-09-22,world,TV,3,KPop Demon Hunters
2025-09-22,world,TV,4,The Wrong Paris
2025-09-22,world,TV,5,Terror Comes Knocking: The Marcela Borges Story
2025-09-22,world,TV,6,Cobweb
2025-09-22,world,TV,7,KPop Demon Hunters - Sing-Along
2025-09-22,world,TV,8,She Said Maybe
2025-09-22,world,TV,9,Shrek
2025-09-22,world,TV,10,aka Charlie Sheen
2025-09-23,world,TV,1,San Andreas
2025-09-23,world,TV,2,28 Years Later
2025-09-23,world,TV,3,KPop Demon Hunters
2025-09-23,world,TV,4,Ice Road: Vengeance
2025-09-23,world,TV,5,The Wrong Paris
2025-09-23,world,TV,6,She Said Maybe
2025-09-23,world,TV,7,KPop Demon Hunters - Sing-Along
2025-09-23,world,TV,8,Cobweb
2025-09-23,world,TV,9,Terror Comes Knocking: The Marcela Borges Story
2025-09-23,world,TV,10,Shrek
2025-09-24,world,TV,1,KPop Demon Hunters
2025-09-24,world,TV,2,28 Years Later
2025-09-24,world,TV,3,San Andreas
2025-09-24,world,TV,4,The Wrong Paris
2025-09-24,world,TV,5,Ice Road: Vengeance
2025-09-24,world,TV,6,KPop Demon Hunters - Sing-Along
2025-09-24,world,TV,7,Cobweb
2025-09-24,world,TV,8,Shrek
2025-09-24,world,TV,9,She Said Maybe
2025-09-24,world,TV,10,aka Charlie Sheen
2025-09-25,world,TV,1,KPop Demon Hunters
2025-09-25,world,TV,2,San Andreas
2025-09-25,world,TV,3,28 Years Later
2025-09-25,world,TV,4,The Wrong Paris
2025-09-25,world,TV,5,Ice Road: Vengeance
2025-09-25,world,TV,6,KPop Demon Hunters - Sing-Along
2025-09-25,world,TV,7,Shrek
2025-09-25,world,TV,8,Cobweb
2025-09-25,world,TV,9,aka Charlie Sheen
2025-09-25,world,TV,10,Shrek 2
2025-09-26,world,TV,1,KPop Demon Hunters
2025-09-26,world,TV,2,San Andreas
2025-09-26,world,TV,3,28 Years Later
2025-09-26,world,TV,4,The Wrong Paris
2025-09-26,world,TV,5,KPop Demon Hunters - Sing-Along
2025-09-26,world,TV,6,Shrek
2025-09-26,world,TV,7,Ice Road: Vengeance
2025-09-26,world,TV,8,Shrek 2
2025-09-26,world,TV,9,aka Charlie Sheen
2025-09-26,world,TV,10,Cobweb
2025-09-27,world,TV,1,Ruth & Boaz
2025-09-27,world,TV,2,KPop Demon Hunters
2025-09-27,world,TV,3,San Andreas
2025-09-27,world,TV,4,KPop Demon Hunters - Sing-Along
2025-09-27,world,TV,5,28 Years Later
2025-09-27,world,TV,6,The Wrong Paris
2025-09-27,world,TV,7,Shrek
2025-09-27,world,TV,8,Ice Road: Vengeance
2025-09-27,world,TV,9,Shrek 2
2025-09-27,world,TV,10,Mantis
2025-09-28,world,TV,1,Ruth & Boaz
2025-09-28,world,TV,2,Karate Kid: Legends
2025-09-28,world,TV,3,KPop Demon Hunters
2025-09-28,world,TV,4,San Andreas
2025-09-28,world,TV,5,KPop Demon Hunters - Sing-Along
2025-09-28,world,TV,6,The Wrong Paris
2025-09-28,world,TV,7,Shrek
2025-09-28,world,TV,8,28 Years Later
2025-09-28,world,TV,9,Ice Road: Vengeance
2025-09-28,world,TV,10,Shrek 2
2025-09-29,world,TV,1,Ruth & Boaz
2025-09-29,world,TV,2,10 Things I Hate About You
2025-09-29,world,TV,3,Karate Kid: Legends
2025-09-29,world,TV,4,KPop Demon Hunters
2025-09-29,world,TV,5,Sweet Home Alabama
2025-09-29,world,TV,6,San Andreas
2025-09-29,world,TV,7,KPop Demon Hunters - Sing-Along
2025-09-29,world,TV,8,The Wrong Paris
2025-09-29,world,TV,9,Shrek
2025-09-29,world,TV,10,Ice Road: Vengeance
2025-09-30,world,TV,1,Ruth & Boaz
2025-09-30,world,TV,2,Karate Kid: Legends
2025-09-30,world,TV,3,KPop Demon Hunters
2025-09-30,world,TV,4,10 Things I Hate About You
2025-09-30,world,TV,5,Sweet Home Alabama
2025-09-30,world,TV,6,Idiocracy
2025-09-30,world,TV,7,KPop Demon Hunters - Sing-Along
2025-09-30,world,TV,8,San Andreas
2025-09-30,world,TV,9,Shrek
2025-09-30,world,TV,10,The Wrong Paris
2025-10-01,world,TV,1,Ruth & Boaz
2025-10-01,world,TV,2,Karate Kid: Legends
2025-10-01,world,TV,3,Dog Man
2025-10-01,world,TV,4,KPop Demon Hunters
2025-10-01,world,TV,5,10 Things I Hate About You
2025-10-01,world,TV,6,Idiocracy
2025-10-01,world,TV,7,Sweet Home Alabama
2025-10-01,world,TV,8,Alice
2025-10-01,world,TV,9,KPop Demon Hunters - Sing-Along
2025-10-01,world,TV,10,French Lover
2025-10-02,world,TV,1,Ruth & Boaz
2025-10-02,world,TV,2,Dog Man
2025-10-02,world,TV,3,KPop Demon Hunters
2025-10-02,world,TV,4,Karate Kid: Legends
2025-10-02,world,TV,5,Dirty Dancing
2025-10-02,world,TV,6,Ghost Rider: Spirit of Vengeance
2025-10-02,world,TV,7,Sister Act
2025-10-02,world,TV,8,Alice
2025-10-02,world,TV,9,Idiocracy
2025-10-02,world,TV,10,KPop Demon Hunters - Sing-Along
2025-10-03,world,TV,1,KPop Demon Hunters
2025-10-03,world,TV,2,Ruth & Boaz
2025-10-03,world,TV,3,Dog Man
2025-10-03,world,TV,4,Karate Kid: Legends
2025-10-03,world,TV,5,Ghost Rider: Spirit of Vengeance
2025-10-03,world,TV,6,Alice
2025-10-03,world,TV,7,About My Father
2025-10-03,world,TV,8,Dodgeball: A True Underdog Story
2025-10-03,world,TV,9,Idiocracy
2025-10-03,world,TV,10,Dirty Dancing
2025-10-04,world,TV,1,KPop Demon Hunters
2025-10-04,world,TV,2,Ruth & Boaz
2025-10-04,world,TV,3,Dog Man
2025-10-04,world,TV,4,Karate Kid: Legends
2025-10-04,world,TV,5,About My Father
2025-10-04,world,TV,6,Ghost Rider: Spirit of Vengeance
2025-10-04,world,TV,7,KPop Demon Hunters - Sing-Along
2025-10-04,world,TV,8,Alice
2025-10-04,world,TV,9,Dodgeball: A True Underdog Story
2025-10-04,world,TV,10,The Mask
2025-10-05,world,TV,1,KPop Demon Hunters
2025-10-05,world,TV,2,Dog Man
2025-10-05,world,TV,3,About My Father
2025-10-05,world,TV,4,Ruth & Boaz
2025-10-05,world,TV,5,Karate Kid: Legends
2025-10-05,world,TV,6,The Mask
2025-10-05,world,TV,7,KPop Demon Hunters - Sing-Along
2025-10-05,world,TV,8,Ghost Rider: Spirit of Vengeance
2025-10-05,world,TV,9,Alice
2025-10-05,world,TV,10,Law Abiding Citizen
2025-10-06,world,TV,1,KPop Demon Hunters
2025-10-06,world,TV,2,About My Father
2025-10-06,world,TV,3,Dog Man
2025-10-06,world,TV,4,Despicable Me 3
2025-10-06,world,TV,5,Ruth & Boaz
2025-10-06,world,TV,6,The Mask
2025-10-06,world,TV,7,Law Abiding Citizen
2025-10-06,world,TV,8,Karate Kid: Legends
2025-10-06,world,TV,9,KPop Demon Hunters - Sing-Along
2025-10-06,world,TV,10,The Martian
2025-10-07,world,TV,1,KPop Demon Hunters
2025-10-07,world,TV,2,About My Father
2025-10-07,world,TV,3,Despicable Me 3
2025-10-07,world,TV,4,The Mask
2025-10-07,world,TV,5,Dog Man
2025-10-07,world,TV,6,Law Abiding Citizen
2025-10-07,world,TV,7,The Martian
2025-10-07,world,TV,8,Ruth & Boaz
2025-10-07,world,TV,9,KPop Demon Hunters - Sing-Along
2025-10-07,world,TV,10,Casper
2025-10-08,world,TV,1,KPop Demon Hunters
2025-10-08,world,TV,2,About My Father
2025-10-08,world,TV,3,Despicable Me 3
2025-10-08,world,TV,4,Law Abiding Citizen
2025-10-08,world,TV,5,The Martian
2025-10-08,world,TV,6,The Mask
2025-10-08,world,TV,7,Dog Man
2025-10-08,world,TV,8,Casper
2025-10-08,world,TV,9,Ruth & Boaz
2025-10-08,world,TV,10,KPop Demon Hunters - Sing-Along
2025-10-09,world,TV,1,KPop Demon Hunters
2025-10-09,world,TV,2,About My Father
2025-10-09,world,TV,3,Despicable Me 3
2025-10-09,world,TV,4,Law Abiding Citizen
2025-10-09,world,TV,5,Caramelo
2025-10-09,world,TV,6,Casper
2025-10-09,world,TV,7,The Martian
2025-10-09,world,TV,8,Dog Man
2025-10-09,world,TV,9,The Mask
2025-10-09,world,TV,10,Ruth & Boaz
2025-10-10,world,TV,1,The Maze Runner
2025-10-10,world,TV,2,KPop Demon Hunters
2025-10-10,world,TV,3,Despicable Me 3
2025-10-10,world,TV,4,About My Father
2025-10-10,world,TV,5,Maze Runner: The Scorch Trials
2025-10-10,world,TV,6,Caramelo
2025-10-10,world,TV,7,Law Abiding Citizen
2025-10-10,world,TV,8,Casper
2025-10-10,world,TV,9,Maze Runner: The Death Cure
2025-10-10,world,TV,10,Dog Man
2025-10-11,world,TV,1,The Woman in Cabin 10
2025-10-11,world,TV,2,The Maze Runner
2025-10-11,world,TV,3,KPop Demon Hunters
2025-10-11,world,TV,4,"My Father, the BTK Killer"
2025-10-11,world,TV,5,Maze Runner: The Scorch Trials
2025-10-11,world,TV,6,Despicable Me 3
2025-10-11,world,TV,7,Caramelo
2025-10-11,world,TV,8,Maze Runner: The Death Cure
2025-10-11,world,TV,9,About My Father
2025-10-11,world,TV,10,Casper
2025-10-12,world,TV,1,The Woman in Cabin 10
2025-10-12,world,TV,2,The Maze Runner
2025-10-12,world,TV,3,KPop Demon Hunters
2025-10-12,world,TV,4,"My Father, the BTK Killer"
2025-10-12,world,TV,5,Maze Runner: The Scorch Trials
2025-10-12,world,TV,6,Caramelo
2025-10-12,world,TV,7,Despicable Me 3
2025-10-12,world,TV,8,Maze Runner: The Death Cure
2025-10-12,world,TV,9,Casper
2025-10-12,world,TV,10,About My Father
2025-10-13,world,TV,1,The Woman in Cabin 10
2025-10-13,world,TV,2,The Maze Runner
2025-10-13,world,TV,3,"My Father, the BTK Killer"
2025-10-13,world,TV,4,KPop Demon Hunters
2025-10-13,world,TV,5,Maze Runner: The Scorch Trials
2025-10-13,world,TV,6,Caramelo
2025-10-13,world,TV,7,Maze Runner: The Death Cure
2025-10-13,world,TV,8,Despicable Me 3
2025-10-13,world,TV,9,Some Other Woman
2025-10-13,world,TV,10,Casper
2025-10-14,world,TV,1,The Woman in Cabin 10
2025-10-14,world,TV,2,Vacation
2025-10-14,world,TV,3,"My Father, the BTK Killer"
2025-10-14,world,TV,4,KPop Demon Hunters
2025-10-14,world,TV,5,The Maze Runner
2025-10-14,world,TV,6,Maze Runner: The Scorch Trials
2025-10-14,world,TV,7,Some Other Woman
2025-10-14,world,TV,8,Maze Runner: The Death Cure
2025-10-14,world,TV,9,Despicable Me 3
2025-10-14,world,TV,10,Caramelo
2025-10-15,world,TV,1,The Woman in Cabin 10
2025-10-15,world,TV,2,Vacation
2025-10-15,world,TV,3,"My Father, the BTK Killer"
2025-10-15,world,TV,4,KPop Demon Hunters
2025-10-15,world,TV,5,The Maze Runner
2025-10-15,world,TV,6,Maze Runner: The Scorch Trials
2025-10-15,world,TV,7,Maze Runner: The Death Cure
2025-10-15,world,TV,8,Some Other Woman
2025-10-15,world,TV,9,Caramelo
2025-10-15,world,TV,10,Despicable Me 3
2025-10-16,world,TV,1,The Woman in Cabin 10
2025-10-16,world,TV,2,Vacation
2025-10-16,world,TV,3,KPop Demon Hunters
2025-10-16,world,TV,4,"My Father, the BTK Killer"
2025-10-16,world,TV,5,The Maze Runner
2025-10-16,world,TV,6,Maze Runner: The Scorch Trials
2025-10-16,world,TV,7,Despicable Me 3
2025-10-16,world,TV,8,Taken in Plain Sight
2025-10-16,world,TV,9,Maze Runner: The Death Cure
2025-10-16,world,TV,10,Caramelo
2025-10-17,world,TV,1,The Woman in Cabin 10
2025-10-17,world,TV,2,Vacation
2025-10-17,world,TV,3,KPop Demon Hunters
2025-10-17,world,TV,4,"My Father, the BTK Killer"
2025-10-17,world,TV,5,The Maze Runner
2025-10-17,world,TV,6,Maze Runner: The Scorch Trials
2025-10-17,world,TV,7,Despicable Me 3
2025-10-17,world,TV,8,Taken in Plain Sight
2025-10-17,world,TV,9,Maze Runner: The Death Cure
2025-10-17,world,TV,10,Caramelo
2025-10-18,world,TV,1,The Perfect Neighbor
2025-10-18,world,TV,2,The Woman in Cabin 10
2025-10-18,world,TV,3,KPop Demon Hunters
2025-10-18,world,TV,4,The A-Team
2025-10-18,world,TV,5,I Know What You Did Last Summer
2025-10-18,world,TV,6,Taken in Plain Sight
2025-10-18,world,TV,7,Vacation
2025-10-18,world,TV,8,Confessions of a Shopaholic
2025-10-18,world,TV,9,The Twits
2025-10-18,world,TV,10,Despicable Me 3
2025-10-19,world,TV,1,The Perfect Neighbor
2025-10-19,world,TV,2,The Woman in Cabin 10
2025-10-19,world,TV,3,KPop Demon Hunters
2025-10-19,world,TV,4,Taken in Plain Sight
2025-10-19,world,TV,5,I Know What You Did Last Summer
2025-10-19,world,TV,6,The Twits
2025-10-19,world,TV,7,The A-Team
2025-10-19,world,TV,8,Don't Say a Word
2025-10-19,world,TV,9,Vacation
2025-10-19,world,TV,10,Despicable Me 3
2025-10-20,world,TV,1,The Perfect Neighbor
2025-10-20,world,TV,2,The Woman in Cabin 10
2025-10-20,world,TV,3,KPop Demon Hunters
2025-10-20,world,TV,4,Taken in Plain Sight
2025-10-20,world,TV,5,I Know What You Did Last Summer
2025-10-20,world,TV,6,The Twits
2025-10-20,world,TV,7,The A-Team
2025-10-20,world,TV,8,Don't Say a Word
2025-10-20,world,TV,9,Vacation
2025-10-20,world,TV,10,Despicable Me 3
2025-10-21,world,TV,1,The Perfect Neighbor
2025-10-21,world,TV,2,Taken in Plain Sight
2025-10-21,world,TV,3,KPop Demon Hunters
2025-10-21,world,TV,4,I Know What You Did Last Summer
2025-10-21,world,TV,5,Don't Say a Word
2025-10-21,world,TV,6,The Woman in Cabin 10
2025-10-21,world,TV,7,The A-Team
2025-10-21,world,TV,8,The Twits
2025-10-21,world,TV,9,Vacation
2025-10-21,world,TV,10,Despicable Me 3
2025-10-22,world,TV,1,The Perfect Neighbor
2025-10-22,world,TV,2,Taken in Plain Sight
2025-10-22,world,TV,3,KPop Demon Hunters
2025-10-22,world,TV,4,I Know What You Did Last Summer
2025-10-22,world,TV,5,Don't Say a Word
2025-10-22,world,TV,6,The Twits
2025-10-22,world,TV,7,The Woman in Cabin 10
2025-10-22,world,TV,8,The A-Team
2025-10-22,world,TV,9,Despicable Me 3
2025-10-22,world,TV,10,Vacation
2025-10-23,world,TV,1,The Perfect Neighbor
2025-10-23,world,TV,2,Taken in Plain Sight
2025-10-23,world,TV,3,KPop Demon Hunters
2025-10-23,world,TV,4,I Know What You Did Last Summer
2025-10-23,world,TV,5,The Twits
2025-10-23,world,TV,6,Don't Say a Word
2025-10-23,world,TV,7,The A-Team
2025-10-23,world,TV,8,The Woman in Cabin 10
2025-10-23,world,TV,9,Despicable Me 3
2025-10-23,world,TV,10,Teenage Mutant Ninja Turtles
2025-10-24,world,TV,1,The Perfect Neighbor
2025-10-24,world,TV,2,KPop Demon Hunters
2025-10-24,world,TV,3,Taken in Plain Sight
2025-10-24,world,TV,4,I Know What You Did Last Summer
2025-10-24,world,TV,5,The Twits
2025-10-24,world,TV,6,The Elixir
2025-10-24,world,TV,7,Don't Say a Word
2025-10-24,world,TV,8,Despicable Me 3
2025-10-24,world,TV,9,The A-Team
2025-10-24,world,TV,10,The Woman in Cabin 10
2025-10-25,world,TV,1,A House of Dynamite
2025-10-25,world,TV,2,The Perfect Neighbor
2025-10-25,world,TV,3,KPop Demon Hunters
2025-10-25,world,TV,4,Taken in Plain Sight
2025-10-25,world,TV,5,The Twits
2025-10-25,world,TV,6,I Know What You Did Last Summer
2025-10-25,world,TV,7,The Elixir
2025-10-25,world,TV,8,Despicable Me 3
2025-10-25,world,TV,9,The Woman in Cabin 10
2025-10-25,world,TV,10,Don't Say a Word
2025-10-26,world,TV,1,A House of Dynamite
2025-10-26,world,TV,2,The Perfect Neighbor
2025-10-26,world,TV,3,KPop Demon Hunters
2025-10-26,world,TV,4,Taken in Plain Sight
2025-10-26,world,TV,5,The Twits
2025-10-26,world,TV,6,I Know What You Did Last Summer
2025-10-26,world,TV,7,The Elixir
2025-10-26,world,TV,8,Despicable Me 3
2025-10-26,world,TV,9,The Woman in Cabin 10
2025-10-26,world,TV,10,Don't Say a Word
2025-10-27,world,TV,1,A House of Dynamite
2025-10-27,world,TV,2,The Perfect Neighbor
2025-10-27,world,TV,3,KPop Demon Hunters
2025-10-27,world,TV,4,Taken in Plain Sight
2025-10-27,world,TV,5,I Know What You Did Last Summer
2025-10-27,world,TV,6,The Elixir
2025-10-27,world,TV,7,The Twits
2025-10-27,world,TV,8,The Woman in Cabin 10
2025-10-27,world,TV,9,Despicable Me 3
2025-10-27,world,TV,10,Hotel Transylvania 3: Summer Vacation
2025-10-28,world,TV,1,A House of Dynamite
2025-10-28,world,TV,2,The Perfect Neighbor
2025-10-28,world,TV,3,KPop Demon Hunters
2025-10-28,world,TV,4,Despicable Me 3
2025-10-28,world,TV,5,I Know What You Did Last Summer
2025-10-28,world,TV,6,Taken in Plain Sight
2025-10-28,world,TV,7,Hotel Transylvania 3: Summer Vacation
2025-10-28,world,TV,8,Goosebumps 2: Haunted Halloween
2025-10-28,world,TV,9,The Elixir
2025-10-28,world,TV,10,The Twits
2025-10-29,world,TV,1,A House of Dynamite
2025-10-29,world,TV,2,The Perfect Neighbor
2025-10-29,world,TV,3,KPop Demon Hunters
2025-10-29,world,TV,4,Goosebumps 2: Haunted Halloween
2025-10-29,world,TV,5,Despicable Me 3
2025-10-29,world,TV,6,Hotel Transylvania 3: Summer Vacation
2025-10-29,world,TV,7,I Know What You Did Last Summer
2025-10-29,world,TV,8,Law Abiding Citizen
2025-10-29,world,TV,9,Taken in Plain Sight
2025-10-29,world,TV,10,Premonition
2025-10-30,world,TV,1,A House of Dynamite
2025-10-30,world,TV,2,KPop Demon Hunters
2025-10-30,world,TV,3,The Perfect Neighbor
2025-10-30,world,TV,4,Goosebumps 2: Haunted Halloween
2025-10-30,world,TV,5,Law Abiding Citizen
2025-10-30,world,TV,6,Premonition
2025-10-30,world,TV,7,Ballad of a Small Player
2025-10-30,world,TV,8,Hotel Transylvania 3: Summer Vacation
2025-10-30,world,TV,9,Despicable Me 3
2025-10-30,world,TV,10,I Know What You Did Last Summer
2025-10-31,world,TV,1,Aileen: Queen of the Serial Killers
2025-10-31,world,TV,2,A House of Dynamite
2025-10-31,world,TV,3,KPop Demon Hunters
2025-10-31,world,TV,4,The Perfect Neighbor
2025-10-31,world,TV,5,Goosebumps 2: Haunted Halloween
2025-10-31,world,TV,6,Ballad of a Small Player
2025-10-31,world,TV,7,Hotel Transylvania 3: Summer Vacation
2025-10-31,world,TV,8,Law Abiding Citizen
2025-10-31,world,TV,9,Premonition
2025-10-31,world,TV,10,Despicable Me 3
2025-11-01,world,TV,1,Aileen: Queen of the Serial Killers
2025-11-01,world,TV,2,A House of Dynamite
2025-11-01,world,TV,3,KPop Demon Hunters
2025-11-01,world,TV,4,Goosebumps 2: Haunted Halloween
2025-11-01,world,TV,5,Hotel Transylvania 3: Summer Vacation
2025-11-01,world,TV,6,Hubie Halloween
2025-11-01,world,TV,7,The Perfect Neighbor
2025-11-01,world,TV,8,Casper
2025-11-01,world,TV,9,Ballad of a Small Player
2025-11-01,world,TV,10,Premonition
2025-11-02,world,TV,1,A House of Dynamite
2025-11-02,world,TV,2,Aileen: Queen of the Serial Killers
2025-11-02,world,TV,3,KPop Demon Hunters
2025-11-02,world,TV,4,The Purge: Anarchy
2025-11-02,world,TV,5,Life of the Party
2025-11-02,world,TV,6,The Hangover
2025-11-02,world,TV,7,Ready Player One
2025-11-02,world,TV,8,Wonka
2025-11-02,world,TV,9,Heaven Is for Real
2025-11-02,world,TV,10,The Perfect Neighbor
2025-11-03,world,TV,1,A House of Dynamite
2025-11-03,world,TV,2,Aileen: Queen of the Serial Killers
2025-11-03,world,TV,3,Life of the Party
2025-11-03,world,TV,4,The Purge: Anarchy
2025-11-03,world,TV,5,KPop Demon Hunters
2025-11-03,world,TV,6,Heaven Is for Real
2025-11-03,world,TV,7,The Hangover
2025-11-03,world,TV,8,Wonka
2025-11-03,world,TV,9,The Perfect Neighbor
2025-11-03,world,TV,10,Ready Player One
2025-11-04,world,TV,1,Life of the Party
2025-11-04,world,TV,2,A House of Dynamite
2025-11-04,world,TV,3,Aileen: Queen of the Serial Killers
2025-11-04,world,TV,4,KPop Demon Hunters
2025-11-04,world,TV,5,The Purge: Anarchy
2025-11-04,world,TV,6,The Hangover
2025-11-04,world,TV,7,Heaven Is for Real
2025-11-04,world,TV,8,Ocean's 8
2025-11-04,world,TV,9,Game Night
2025-11-04,world,TV,10,Dr. Seuss's The Sneetches
2025-11-05,world,TV,1,Life of the Party
2025-11-05,world,TV,2,KPop Demon Hunters
2025-11-05,world,TV,3,Aileen: Queen of the Serial Killers
2025-11-05,world,TV,4,A House of Dynamite
2025-11-05,world,TV,5,The Purge: Anarchy
2025-11-05,world,TV,6,The Hangover
2025-11-05,world,TV,7,Ocean's 8
2025-11-05,world,TV,8,Game Night
2025-11-05,world,TV,9,Turbo
2025-11-05,world,TV,10,The Hangover Part II
2025-11-06,world,TV,1,KPop Demon Hunters
2025-11-06,world,TV,2,Life of the Party
2025-11-06,world,TV,3,Aileen: Queen of the Serial Killers
2025-11-06,world,TV,4,A House of Dynamite
2025-11-06,world,TV,5,The Hangover
2025-11-06,world,TV,6,The Purge: Anarchy
2025-11-06,world,TV,7,Turbo
2025-11-06,world,TV,8,Game Night
2025-11-06,world,TV,9,Wish Upon
2025-11-06,world,TV,10,The Hangover Part II
2025-11-07,world,TV,1,KPop Demon Hunters
2025-11-07,world,TV,2,Bride Wars
2025-11-07,world,TV,3,The Hangover
2025-11-07,world,TV,4,Life of the Party
2025-11-07,world,TV,5,A Madea Christmas
2025-11-07,world,TV,6,A House of Dynamite
2025-11-07,world,TV,7,Aileen: Queen of the Serial Killers
2025-11-07,world,TV,8,Wish Upon
2025-11-07,world,TV,9,Game Night
2025-11-07,world,TV,10,The Hangover Part II
2025-11-08,world,TV,1,Frankenstein
2025-11-08,world,TV,2,KPop Demon Hunters
2025-11-08,world,TV,3,The Hangover
2025-11-08,world,TV,4,A House of Dynamite
2025-11-08,world,TV,5,A Madea Christmas
2025-11-08,world,TV,6,Bride Wars
2025-11-08,world,TV,7,Turbo
2025-11-08,world,TV,8,Game Night
2025-11-08,world,TV,9,The Hangover Part II
2025-11-08,world,TV,10,Life of the Party
2025-11-10,world,TV,1,Frankenstein
2025-11-10,world,TV,2,KPop Demon Hunters
2025-11-10,world,TV,3,A Madea Christmas
2025-11-10,world,TV,4,The Hangover
2025-11-10,world,TV,5,A House of Dynamite
2025-11-10,world,TV,6,The Hangover Part II
2025-11-10,world,TV,7,Turbo
2025-11-10,world,TV,8,The Hangover Part III
2025-11-10,world,TV,9,Bride Wars
2025-11-10,world,TV,10,Fatman
2025-11-11,world,TV,1,Frankenstein
2025-11-11,world,TV,2,KPop Demon Hunters
2025-11-11,world,TV,3,A Madea Christmas
2025-11-11,world,TV,4,Wanted Man
2025-11-11,world,TV,5,The Hangover
2025-11-11,world,TV,6,The Hangover Part II
2025-11-11,world,TV,7,Fatman
2025-11-11,world,TV,8,The Hangover Part III
2025-11-11,world,TV,9,Bride Wars
2025-11-11,world,TV,10,Turbo
2025-11-12,world,TV,1,Frankenstein
2025-11-12,world,TV,2,No Sleep 'Til Christmas
2025-11-12,world,TV,3,KPop Demon Hunters
2025-11-12,world,TV,4,Wanted Man
2025-11-12,world,TV,5,A Madea Christmas
2025-11-12,world,TV,6,The Hangover
2025-11-12,world,TV,7,The Hangover Part III
2025-11-12,world,TV,8,The Hangover Part II
2025-11-12,world,TV,9,Turbo
2025-11-12,world,TV,10,Fatman
2025-11-13,world,TV,1,Frankenstein
2025-11-13,world,TV,2,Being Eddie
2025-11-13,world,TV,3,A Merry Little Ex-Mas
2025-11-13,world,TV,4,No Sleep 'Til Christmas
2025-11-13,world,TV,5,KPop Demon Hunters
2025-11-13,world,TV,6,Wanted Man
2025-11-13,world,TV,7,Firestarter
2025-11-13,world,TV,8,The Hangover
2025-11-13,world,TV,9,A Madea Christmas
2025-11-13,world,TV,10,The Hangover Part III
2025-11-14,world,TV,1,Frankenstein
2025-11-14,world,TV,2,A Merry Little Ex-Mas
2025-11-14,world,TV,3,Being Eddie
2025-11-14,world,TV,4,No Sleep 'Til Christmas
2025-11-14,world,TV,5,KPop Demon Hunters
2025-11-14,world,TV,6,Wanted Man
2025-11-14,world,TV,7,"Same Time, Next Christmas"
2025-11-14,world,TV,8,The Hangover
2025-11-14,world,TV,9,The Hangover Part III
2025-11-14,world,TV,10,Mango
2025-11-15,world,TV,1,The Marksman
2025-11-15,world,TV,2,Frankenstein
2025-11-15,world,TV,3,In Your Dreams
2025-11-15,world,TV,4,A Merry Little Ex-Mas
2025-11-15,world,TV,5,Being Eddie
2025-11-15,world,TV,6,KPop Demon Hunters
2025-11-15,world,TV,7,No Sleep 'Til Christmas
2025-11-15,world,TV,8,Wanted Man
2025-11-15,world,TV,9,"Same Time, Next Christmas"
2025-11-15,world,TV,10,The Hangover
2025-11-16,world,TV,1,The Marksman
2025-11-16,world,TV,2,Frankenstein
2025-11-16,world,TV,3,In Your Dreams
2025-11-16,world,TV,4,A Merry Little Ex-Mas
2025-11-16,world,TV,5,Being Eddie
2025-11-16,world,TV,6,KPop Demon Hunters
2025-11-16,world,TV,7,No Sleep 'Til Christmas
2025-11-16,world,TV,8,Wanted Man
2025-11-16,world,TV,9,"Same Time, Next Christmas"
2025-11-16,world,TV,10,A Royal Date for Christmas
2025-11-17,world,TV,1,The Marksman
2025-11-17,world,TV,2,A Merry Little Ex-Mas
2025-11-17,world,TV,3,Frankenstein
2025-11-17,world,TV,4,In Your Dreams
2025-11-17,world,TV,5,Being Eddie
2025-11-17,world,TV,6,KPop Demon Hunters
2025-11-17,world,TV,7,No Sleep 'Til Christmas
2025-11-17,world,TV,8,"Same Time, Next Christmas"
2025-11-17,world,TV,9,The Sandlot
2025-11-17,world,TV,10,Wanted Man
2025-11-18,world,TV,1,The Marksman
2025-11-18,world,TV,2,Selena y Los Dinos: A Family's Legacy
2025-11-18,world,TV,3,A Merry Little Ex-Mas
2025-11-18,world,TV,4,In Your Dreams
2025-11-18,world,TV,5,Blue Beetle
2025-11-18,world,TV,6,Frankenstein
2025-11-18,world,TV,7,Being Eddie
2025-11-18,world,TV,8,KPop Demon Hunters
2025-11-18,world,TV,9,The Sandlot
2025-11-18,world,TV,10,No Sleep 'Til Christmas
2025-11-19,world,TV,1,The Marksman
2025-11-19,world,TV,2,In Your Dreams
2025-11-19,world,TV,3,Selena y Los Dinos: A Family's Legacy
2025-11-19,world,TV,4,A Merry Little Ex-Mas
2025-11-19,world,TV,5,Blue Beetle
2025-11-19,world,TV,6,The Sandlot
2025-11-19,world,TV,7,Frankenstein
2025-11-19,world,TV,8,Being Eddie
2025-11-19,world,TV,9,KPop Demon Hunters
2025-11-19,world,TV,10,No Sleep 'Til Christmas
2025-11-20,world,TV,1,The Carman Family Deaths
2025-11-20,world,TV,2,Champagne Problems
2025-11-20,world,TV,3,In Your Dreams
2025-11-20,world,TV,4,The Marksman
2025-11-20,world,TV,5,Selena y Los Dinos: A Family's Legacy
2025-11-20,world,TV,6,A Merry Little Ex-Mas
2025-11-20,world,TV,7,The Sandlot
2025-11-20,world,TV,8,Frankenstein
2025-11-20,world,TV,9,KPop Demon Hunters
2025-11-20,world,TV,10,Blue Beetle
2025-11-21,world,TV,1,The Carman Family Deaths
2025-11-21,world,TV,2,Champagne Problems
2025-11-21,world,TV,3,In Your Dreams
2025-11-21,world,TV,4,The Marksman
2025-11-21,world,TV,5,Selena y Los Dinos: A Family's Legacy
2025-11-21,world,TV,6,The Sandlot
2025-11-21,world,TV,7,KPop Demon Hunters
2025-11-21,world,TV,8,A Merry Little Ex-Mas
2025-11-21,world,TV,9,Frankenstein
2025-11-21,world,TV,10,Blue Beetle
2025-11-22,world,TV,1,The Carman Family Deaths
2025-11-22,world,TV,2,Champagne Problems
2025-11-22,world,TV,3,In Your Dreams
2025-11-22,world,TV,4,Train Dreams
2025-11-22,world,TV,5,The Sandlot
2025-11-22,world,TV,6,The Marksman
2025-11-22,world,TV,7,KPop Demon Hunters
2025-11-22,world,TV,8,Selena y Los Dinos: A Family's Legacy
2025-11-22,world,TV,9,Frankenstein
2025-11-22,world,TV,10,Mistletoe Mixup
2025-11-23,world,TV,1,Champagne Problems
2025-11-23,world,TV,2,The Carman Family Deaths
2025-11-23,world,TV,3,In Your Dreams
2025-11-23,world,TV,4,Train Dreams
2025-11-23,world,TV,5,KPop Demon Hunters
2025-11-23,world,TV,6,The Sandlot
2025-11-23,world,TV,7,Frankenstein
2025-11-23,world,TV,8,Selena y Los Dinos: A Family's Legacy
2025-11-23,world,TV,9,The Marksman
2025-11-23,world,TV,10,Mistletoe Mixup
2025-11-24,world,TV,1,Champagne Problems
2025-11-24,world,TV,2,The Carman Family Deaths
2025-11-24,world,TV,3,Ambulance
2025-11-24,world,TV,4,In Your Dreams
2025-11-24,world,TV,5,Train Dreams
2025-11-24,world,TV,6,KPop Demon Hunters
2025-11-24,world,TV,7,The Sandlot
2025-11-24,world,TV,8,Frankenstein
2025-11-24,world,TV,9,Selena y Los Dinos: A Family's Legacy
2025-11-24,world,TV,10,Mistletoe Mixup
2025-11-25,world,TV,1,Champagne Problems
2025-11-25,world,TV,2,Ambulance
2025-11-25,world,TV,3,The Carman Family Deaths
2025-11-25,world,TV,4,In Your Dreams
2025-11-25,world,TV,5,KPop Demon Hunters
2025-11-25,world,TV,6,Train Dreams
2025-11-25,world,TV,7,A Very Merry Beauty Salon
2025-11-25,world,TV,8,The Island
2025-11-25,world,TV,9,The Sandlot
2025-11-25,world,TV,10,Frankenstein
2025-11-26,world,TV,1,Champagne Problems
2025-11-26,world,TV,2,Ambulance
2025-11-26,world,TV,3,In Your Dreams
2025-11-26,world,TV,4,The Carman Family Deaths
2025-11-26,world,TV,5,KPop Demon Hunters
2025-11-26,world,TV,6,Train Dreams
2025-11-26,world,TV,7,The Island
2025-11-26,world,TV,8,A Very Merry Beauty Salon
2025-11-26,world,TV,9,The Sandlot
2025-11-26,world,TV,10,The Last Word
2025-11-27,world,TV,1,Jingle Bell Heist
2025-11-27,world,TV,2,Champagne Problems
2025-11-27,world,TV,3,In Your Dreams
2025-11-27,world,TV,4,Ambulance
2025-11-27,world,TV,5,KPop Demon Hunters
2025-11-27,world,TV,6,The Carman Family Deaths
2025-11-27,world,TV,7,The Island
2025-11-27,world,TV,8,Train Dreams
2025-11-27,world,TV,9,The Sandlot
2025-11-27,world,TV,10,How to Lose a Guy in 10 Days
2025-11-28,world,TV,1,Aquaman and the Lost Kingdom
2025-11-28,world,TV,2,Jingle Bell Heist
2025-11-28,world,TV,3,Dog
2025-11-28,world,TV,4,KPop Demon Hunters
2025-11-28,world,TV,5,In Your Dreams
2025-11-28,world,TV,6,Ambulance
2025-11-28,world,TV,7,Champagne Problems
2025-11-28,world,TV,8,The Island
2025-11-28,world,TV,9,Frankenstein
2025-11-28,world,TV,10,The Sandlot
2025-11-29,world,TV,1,Jingle Bell Heist
2025-11-29,world,TV,2,Aquaman and the Lost Kingdom
2025-11-29,world,TV,3,Dog
2025-11-29,world,TV,4,KPop Demon Hunters
2025-11-29,world,TV,5,In Your Dreams
2025-11-29,world,TV,6,Champagne Problems
2025-11-29,world,TV,7,Ambulance
2025-11-29,world,TV,8,The Island
2025-11-29,world,TV,9,Frankenstein
2025-11-29,world,TV,10,A Very Merry Beauty Salon
2025-11-30,world,TV,1,Jingle Bell Heist
2025-11-30,world,TV,2,Aquaman and the Lost Kingdom
2025-11-30,world,TV,3,Dog
2025-11-30,world,TV,4,Caught Stealing
2025-11-30,world,TV,5,KPop Demon Hunters
2025-11-30,world,TV,6,Champagne Problems
2025-11-30,world,TV,7,In Your Dreams
2025-11-30,world,TV,8,Ambulance
2025-11-30,world,TV,9,The Island
2025-11-30,world,TV,10,Frankenstein
2025-12-01,world,TV,1,Jingle Bell Heist
2025-12-01,world,TV,2,Aquaman and the Lost Kingdom
2025-12-01,world,TV,3,Dog
2025-12-01,world,TV,4,Caught Stealing
2025-12-01,world,TV,5,KPop Demon Hunters
2025-12-01,world,TV,6,Champagne Problems
2025-12-01,world,TV,7,In Your Dreams
2025-12-01,world,TV,8,Ambulance
2025-12-01,world,TV,9,The Island
2025-12-01,world,TV,10,A Merry Little Ex-Mas
2025-12-02,world,TV,1,Troll 2
2025-12-02,world,TV,2,Rio
2025-12-02,world,TV,3,Jingle Bell Heist
2025-12-02,world,TV,4,Rio 2
2025-12-02,world,TV,5,Aquaman and the Lost Kingdom
2025-12-02,world,TV,6,KPop Demon Hunters
2025-12-02,world,TV,7,Crossroads
2025-12-02,world,TV,8,Caught Stealing
2025-12-02,world,TV,9,Dog
2025-12-02,world,TV,10,In Your Dreams
2025-12-03,world,TV,1,Troll 2
2025-12-03,world,TV,2,Rio
2025-12-03,world,TV,3,Rio 2
2025-12-03,world,TV,4,Jingle Bell Heist
2025-12-03,world,TV,5,Caught Stealing
2025-12-03,world,TV,6,KPop Demon Hunters
2025-12-03,world,TV,7,Dog
2025-12-03,world,TV,8,Aquaman and the Lost Kingdom
2025-12-03,world,TV,9,In Your Dreams
2025-12-03,world,TV,10,BrightBurn
2025-12-04,world,TV,1,My Secret Santa
2025-12-04,world,TV,2,Troll 2
2025-12-04,world,TV,3,Rio
2025-12-04,world,TV,4,Rio 2
2025-12-04,world,TV,5,Jingle Bell Heist
2025-12-04,world,TV,6,Caught Stealing
2025-12-04,world,TV,7,KPop Demon Hunters
2025-12-04,world,TV,8,The Northman
2025-12-04,world,TV,9,Dog
2025-12-04,world,TV,10,Aquaman and the Lost Kingdom
2025-12-05,world,TV,1,My Secret Santa
2025-12-05,world,TV,2,Troll 2
2025-12-05,world,TV,3,Rio
2025-12-05,world,TV,4,Rio 2
2025-12-05,world,TV,5,KPop Demon Hunters
2025-12-05,world,TV,6,Caught Stealing
2025-12-05,world,TV,7,Jingle Bell Heist
2025-12-05,world,TV,8,The Northman
2025-12-05,world,TV,9,Cheaper by the Dozen
2025-12-05,world,TV,10,In Your Dreams
2025-12-06,world,TV,1,My Secret Santa
2025-12-06,world,TV,2,Troll 2
2025-12-06,world,TV,3,Jay Kelly
2025-12-06,world,TV,4,Rio
2025-12-06,world,TV,5,Rio 2
2025-12-06,world,TV,6,KPop Demon Hunters
2025-12-06,world,TV,7,Caught Stealing
2025-12-06,world,TV,8,Jingle Bell Heist
2025-12-06,world,TV,9,Cheaper by the Dozen
2025-12-06,world,TV,10,In Your Dreams
2025-12-07,world,TV,1,My Secret Santa
2025-12-07,world,TV,2,Troll 2
2025-12-07,world,TV,3,Jay Kelly
2025-12-07,world,TV,4,Face/Off
2025-12-07,world,TV,5,Rio 2
2025-12-07,world,TV,6,Rio
2025-12-07,world,TV,7,KPop Demon Hunters
2025-12-07,world,TV,8,Cheaper by the Dozen
2025-12-07,world,TV,9,Caught Stealing
2025-12-07,world,TV,10,In Your Dreams
2025-12-08,world,TV,1,My Secret Santa
2025-12-08,world,TV,2,Troll 2
2025-12-08,world,TV,3,Jay Kelly
2025-12-08,world,TV,4,Rio 2
2025-12-08,world,TV,5,Cast Away
2025-12-08,world,TV,6,KPop Demon Hunters
2025-12-08,world,TV,7,Rio
2025-12-08,world,TV,8,Cheaper by the Dozen
2025-12-08,world,TV,9,Guy Ritchie's The Covenant
2025-12-08,world,TV,10,Cheaper by the Dozen 2
2025-12-09,world,TV,1,My Secret Santa
2025-12-09,world,TV,2,Jay Kelly
2025-12-09,world,TV,3,Troll 2
2025-12-09,world,TV,4,KPop Demon Hunters
2025-12-09,world,TV,5,Rio 2
2025-12-09,world,TV,6,Guy Ritchie's The Covenant
2025-12-09,world,TV,7,Rio
2025-12-09,world,TV,8,Cast Away
2025-12-09,world,TV,9,Cheaper by the Dozen
2025-12-09,world,TV,10,Cheaper by the Dozen 2
2025-12-10,world,TV,1,My Secret Santa
2025-12-10,world,TV,2,Jay Kelly
2025-12-10,world,TV,3,Guy Ritchie's The Covenant
2025-12-10,world,TV,4,KPop Demon Hunters
2025-12-10,world,TV,5,Troll 2
2025-12-10,world,TV,6,Rio 2
2025-12-10,world,TV,7,Rio
2025-12-10,world,TV,8,Mean Girls
2025-12-10,world,TV,9,Cast Away
2025-12-10,world,TV,10,Honest Thief
2025-12-11,world,TV,1,My Secret Santa
2025-12-11,world,TV,2,Jay Kelly
2025-12-11,world,TV,3,Guy Ritchie's The Covenant
2025-12-11,world,TV,4,KPop Demon Hunters
2025-12-11,world,TV,5,Mean Girls
2025-12-11,world,TV,6,Honest Thief
2025-12-11,world,TV,7,Cast Away
2025-12-11,world,TV,8,Dr. Seuss' The Cat in the Hat
2025-12-11,world,TV,9,Rio 2
2025-12-11,world,TV,10,Rio
2025-12-12,world,TV,1,My Secret Santa
2025-12-12,world,TV,2,Jay Kelly
2025-12-12,world,TV,3,Guy Ritchie's The Covenant
2025-12-12,world,TV,4,KPop Demon Hunters
2025-12-12,world,TV,5,Honest Thief
2025-12-12,world,TV,6,Mean Girls
2025-12-12,world,TV,7,Cast Away
2025-12-12,world,TV,8,Dr. Seuss' The Cat in the Hat
2025-12-12,world,TV,9,A Lot Like Christmas
2025-12-12,world,TV,10,A Merry Little Ex-Mas
2025-12-13,world,TV,1,Wake Up Dead Man: A Knives Out Mystery
2025-12-13,world,TV,2,My Secret Santa
2025-12-13,world,TV,3,The Hustle
2025-12-13,world,TV,4,Jay Kelly
2025-12-13,world,TV,5,Guy Ritchie's The Covenant
2025-12-13,world,TV,6,KPop Demon Hunters
2025-12-13,world,TV,7,Mean Girls
2025-12-13,world,TV,8,Honest Thief
2025-12-13,world,TV,9,House of Gucci
2025-12-13,world,TV,10,Dr. Seuss' The Cat in the Hat
2025-12-14,world,TV,1,Wake Up Dead Man: A Knives Out Mystery
2025-12-14,world,TV,2,My Secret Santa
2025-12-14,world,TV,3,The Hustle
2025-12-14,world,TV,4,Jay Kelly
2025-12-14,world,TV,5,Guy Ritchie's The Covenant
2025-12-14,world,TV,6,KPop Demon Hunters
2025-12-14,world,TV,7,Honest Thief
2025-12-14,world,TV,8,Mean Girls
2025-12-14,world,TV,9,Dr. Seuss' The Cat in the Hat
2025-12-14,world,TV,10,A Merry Little Ex-Mas
2025-12-15,world,TV,1,Wake Up Dead Man: A Knives Out Mystery
2025-12-15,world,TV,2,PAW Patrol: The Mighty Movie
2025-12-15,world,TV,3,The Hustle
2025-12-15,world,TV,4,My Secret Santa
2025-12-15,world,TV,5,Jay Kelly
2025-12-15,world,TV,6,KPop Demon Hunters
2025-12-15,world,TV,7,Honest Thief
2025-12-15,world,TV,8,Guy Ritchie's The Covenant
2025-12-15,world,TV,9,Mean Girls
2025-12-15,world,TV,10,A Merry Little Ex-Mas
2025-12-16,world,TV,1,Wake Up Dead Man: A Knives Out Mystery
2025-12-16,world,TV,2,A Cowboy Christmas Romance
2025-12-16,world,TV,3,PAW Patrol: The Mighty Movie
2025-12-16,world,TV,4,The Hustle
2025-12-16,world,TV,5,My Secret Santa
2025-12-16,world,TV,6,KPop Demon Hunters
2025-12-16,world,TV,7,Mean Girls
2025-12-16,world,TV,8,Dragon Ball Z: Battle of Gods
2025-12-16,world,TV,9,Christmas at the Chalet
2025-12-16,world,TV,10,Honest Thief
2025-12-17,world,TV,1,Wake Up Dead Man: A Knives Out Mystery
2025-12-17,world,TV,2,A Cowboy Christmas Romance
2025-12-17,world,TV,3,PAW Patrol: The Mighty Movie
2025-12-17,world,TV,4,The Hustle
2025-12-17,world,TV,5,My Secret Santa
2025-12-17,world,TV,6,Christmas at the Chalet
2025-12-17,world,TV,7,KPop Demon Hunters
2025-12-17,world,TV,8,Undercover Grandpa
2025-12-17,world,TV,9,Mean Girls
2025-12-17,world,TV,10,The Christmas Classic
2025-12-18,world,TV,1,Wake Up Dead Man: A Knives Out Mystery
2025-12-18,world,TV,2,A Cowboy Christmas Romance
2025-12-18,world,TV,3,PAW Patrol: The Mighty Movie
2025-12-18,world,TV,4,A Line of Fire
2025-12-18,world,TV,5,Murder in Monaco
2025-12-18,world,TV,6,My Secret Santa
2025-12-18,world,TV,7,KPop Demon Hunters
2025-12-18,world,TV,8,Christmas at the Chalet
2025-12-18,world,TV,9,The Hustle
2025-12-18,world,TV,10,Undercover Grandpa
2025-12-19,world,TV,1,Wake Up Dead Man: A Knives Out Mystery
2025-12-19,world,TV,2,A Cowboy Christmas Romance
2025-12-19,world,TV,3,PAW Patrol: The Mighty Movie
2025-12-19,world,TV,4,A Line of Fire
2025-12-19,world,TV,5,Murder in Monaco
2025-12-19,world,TV,6,Border Hunters
2025-12-19,world,TV,7,KPop Demon Hunters
2025-12-19,world,TV,8,Christmas at the Chalet
2025-12-19,world,TV,9,My Secret Santa
2025-12-19,world,TV,10,Undercover Grandpa
2025-12-20,world,TV,1,The Great Flood
2025-12-20,world,TV,2,Wake Up Dead Man: A Knives Out Mystery
2025-12-20,world,TV,3,A Cowboy Christmas Romance
2025-12-20,world,TV,4,PAW Patrol: The Mighty Movie
2025-12-20,world,TV,5,Murder in Monaco
2025-12-20,world,TV,6,A Line of Fire
2025-12-20,world,TV,7,KPop Demon Hunters
2025-12-20,world,TV,8,Christmas at the Chalet
2025-12-20,world,TV,9,Border Hunters
2025-12-20,world,TV,10,My Secret Santa
2025-12-21,world,TV,1,The Great Flood
2025-12-21,world,TV,2,Wake Up Dead Man: A Knives Out Mystery
2025-12-21,world,TV,3,A Cowboy Christmas Romance
2025-12-21,world,TV,4,A Line of Fire
2025-12-21,world,TV,5,Murder in Monaco
2025-12-21,world,TV,6,PAW Patrol: The Mighty Movie
2025-12-21,world,TV,7,KPop Demon Hunters
2025-12-21,world,TV,8,Christmas at the Chalet
2025-12-21,world,TV,9,My Secret Santa
2025-12-21,world,TV,10,Border Hunters
2025-12-22,world,TV,1,The Great Flood
2025-12-22,world,TV,2,Wake Up Dead Man: A Knives Out Mystery
2025-12-22,world,TV,3,A Cowboy Christmas Romance
2025-12-22,world,TV,4,A Line of Fire
2025-12-22,world,TV,5,Murder in Monaco
2025-12-22,world,TV,6,PAW Patrol: The Mighty Movie
2025-12-22,world,TV,7,KPop Demon Hunters
2025-12-22,world,TV,8,My Secret Santa
2025-12-22,world,TV,9,Christmas at the Chalet
2025-12-22,world,TV,10,Border Hunters
2025-12-23,world,TV,1,The Great Flood
2025-12-23,world,TV,2,A Cowboy Christmas Romance
2025-12-23,world,TV,3,PAW Patrol: The Mighty Movie
2025-12-23,world,TV,4,Wake Up Dead Man: A Knives Out Mystery
2025-12-23,world,TV,5,KPop Demon Hunters
2025-12-23,world,TV,6,A Line of Fire
2025-12-23,world,TV,7,Murder in Monaco
2025-12-23,world,TV,8,The Christmas Chronicles
2025-12-23,world,TV,9,My Secret Santa
2025-12-23,world,TV,10,Christmas at the Chalet
2025-12-24,world,TV,1,The Great Flood
2025-12-24,world,TV,2,Wake Up Dead Man: A Knives Out Mystery
2025-12-24,world,TV,3,A Cowboy Christmas Romance
2025-12-24,world,TV,4,The Christmas Chronicles
2025-12-24,world,TV,5,PAW Patrol: The Mighty Movie
2025-12-24,world,TV,6,KPop Demon Hunters
2025-12-24,world,TV,7,A Line of Fire
2025-12-24,world,TV,8,Four Brothers
2025-12-24,world,TV,9,My Secret Santa
2025-12-24,world,TV,10,Murder in Monaco
2025-12-25,world,TV,1,The Great Flood
2025-12-25,world,TV,2,The Christmas Chronicles
2025-12-25,world,TV,3,Four Brothers
2025-12-25,world,TV,4,Wake Up Dead Man: A Knives Out Mystery
2025-12-25,world,TV,5,A Cowboy Christmas Romance
2025-12-25,world,TV,6,My Secret Santa
2025-12-25,world,TV,7,The Christmas Chronicles: Part Two
2025-12-25,world,TV,8,KPop Demon Hunters
2025-12-25,world,TV,9,A Line of Fire
2025-12-25,world,TV,10,PAW Patrol: The Mighty Movie
2025-12-26,world,TV,1,The Great Flood
2025-12-26,world,TV,2,The Christmas Chronicles
2025-12-26,world,TV,3,Four Brothers
2025-12-26,world,TV,4,Wake Up Dead Man: A Knives Out Mystery
2025-12-26,world,TV,5,A Cowboy Christmas Romance
2025-12-26,world,TV,6,My Secret Santa
2025-12-26,world,TV,7,The Christmas Chronicles: Part Two
2025-12-26,world,TV,8,KPop Demon Hunters
2025-12-26,world,TV,9,A Line of Fire
2025-12-26,world,TV,10,PAW Patrol: The Mighty Movie
2025-12-27,world,TV,1,Wrath of Man
2025-12-27,world,TV,2,The Great Flood
2025-12-27,world,TV,3,Wake Up Dead Man: A Knives Out Mystery
2025-12-27,world,TV,4,Four Brothers
2025-12-27,world,TV,5,KPop Demon Hunters
2025-12-27,world,TV,6,Spider-Man: Into the Spider-Verse
2025-12-27,world,TV,7,Elway
2025-12-27,world,TV,8,Eden
2025-12-27,world,TV,9,Goodbye June
2025-12-27,world,TV,10,Relay
2025-12-28,world,TV,1,Wrath of Man
2025-12-28,world,TV,2,The Great Flood
2025-12-28,world,TV,3,Wake Up Dead Man: A Knives Out Mystery
2025-12-28,world,TV,4,Four Brothers
2025-12-28,world,TV,5,Eden
2025-12-28,world,TV,6,Goodbye June
2025-12-28,world,TV,7,KPop Demon Hunters
2025-12-28,world,TV,8,Spider-Man: Into the Spider-Verse
2025-12-28,world,TV,9,Relay
2025-12-28,world,TV,10,The Best You Can
2025-12-29,world,TV,1,Wrath of Man
2025-12-29,world,TV,2,The Girl Who Got Away
2025-12-29,world,TV,3,The Great Flood
2025-12-29,world,TV,4,Four Brothers
2025-12-29,world,TV,5,Wake Up Dead Man: A Knives Out Mystery
2025-12-29,world,TV,6,Eden
2025-12-29,world,TV,7,Goodbye June
2025-12-29,world,TV,8,Spider-Man: Into the Spider-Verse
2025-12-29,world,TV,9,KPop Demon Hunters
2025-12-29,world,TV,10,The Best You Can
2025-12-30,world,TV,1,Wrath of Man
2025-12-30,world,TV,2,The Girl Who Got Away
2025-12-30,world,TV,3,Spider-Man: Into the Spider-Verse
2025-12-30,world,TV,4,KPop Demon Hunters
2025-12-30,world,TV,5,Wake Up Dead Man: A Knives Out Mystery
2025-12-30,world,TV,6,Eden
2025-12-30,world,TV,7,The Best You Can
2025-12-30,world,TV,8,The Great Flood
2025-12-30,world,TV,9,Four Brothers
2025-12-30,world,TV,10,Goodbye June
2025-12-31,world,TV,1,Evil Influencer: The Jodi Hildebrandt Story
2025-12-31,world,TV,2,Wrath of Man
2025-12-31,world,TV,3,Spider-Man: Into the Spider-Verse
2025-12-31,world,TV,4,KPop Demon Hunters
2025-12-31,world,TV,5,The Girl Who Got Away
2025-12-31,world,TV,6,Wake Up Dead Man: A Knives Out Mystery
2025-12-31,world,TV,7,The Best You Can
2025-12-31,world,TV,8,Eden
2025-12-31,world,TV,9,Goodbye June
2025-12-31,world,TV,10,Four Brothers
2026-01-01,world,TV,1,Evil Influencer: The Jodi Hildebrandt Story
2026-01-01,world,TV,2,Spider-Man: Into the Spider-Verse
2026-01-01,world,TV,3,Wrath of Man
2026-01-01,world,TV,4,KPop Demon Hunters
2026-01-01,world,TV,5,Wake Up Dead Man: A Knives Out Mystery
2026-01-01,world,TV,6,The Girl Who Got Away
2026-01-01,world,TV,7,The Best You Can
2026-01-01,world,TV,8,PAW Patrol: The Mighty Movie
2026-01-01,world,TV,9,Four Brothers
2026-01-01,world,TV,10,Despicable Me 3
2026-01-02,world,TV,1,Evil Influencer: The Jodi Hildebrandt Story
2026-01-02,world,TV,2,Man on Fire
2026-01-02,world,TV,3,Pitch Perfect 2
2026-01-02,world,TV,4,Wrath of Man
2026-01-02,world,TV,5,Ford v Ferrari
2026-01-02,world,TV,6,Spider-Man: Into the Spider-Verse
2026-01-02,world,TV,7,Wake Up Dead Man: A Knives Out Mystery
2026-01-02,world,TV,8,KPop Demon Hunters
2026-01-02,world,TV,9,Ghostbusters
2026-01-02,world,TV,10,Priscilla
2026-01-03,world,TV,1,Evil Influencer: The Jodi Hildebrandt Story
2026-01-03,world,TV,2,Man on Fire
2026-01-03,world,TV,3,Ford v Ferrari
2026-01-03,world,TV,4,Spider-Man: Into the Spider-Verse
2026-01-03,world,TV,5,Pitch Perfect 2
2026-01-03,world,TV,6,KPop Demon Hunters
2026-01-03,world,TV,7,Priscilla
2026-01-03,world,TV,8,Wake Up Dead Man: A Knives Out Mystery
2026-01-03,world,TV,9,Wrath of Man
2026-01-03,world,TV,10,Ghostbusters
2026-01-04,world,TV,1,Evil Influencer: The Jodi Hildebrandt Story
2026-01-04,world,TV,2,Man on Fire
2026-01-04,world,TV,3,Ford v Ferrari
2026-01-04,world,TV,4,Spider-Man: Into the Spider-Verse
2026-01-04,world,TV,5,Priscilla
2026-01-04,world,TV,6,Pitch Perfect 2
2026-01-04,world,TV,7,KPop Demon Hunters
2026-01-04,world,TV,8,Wake Up Dead Man: A Knives Out Mystery
2026-01-04,world,TV,9,Pitch Perfect
2026-01-04,world,TV,10,Wrath of Man
2026-01-05,world,TV,1,Evil Influencer: The Jodi Hildebrandt Story
2026-01-05,world,TV,2,Man on Fire
2026-01-05,world,TV,3,Priscilla
2026-01-05,world,TV,4,Ford v Ferrari
2026-01-05,world,TV,5,Spider-Man: Into the Spider-Verse
2026-01-05,world,TV,6,Pitch Perfect 2
2026-01-05,world,TV,7,Pitch Perfect
2026-01-05,world,TV,8,KPop Demon Hunters
2026-01-05,world,TV,9,Just Go with It
2026-01-05,world,TV,10,The Bad Guys
2026-01-06,world,TV,1,Evil Influencer: The Jodi Hildebrandt Story
2026-01-06,world,TV,2,Priscilla
2026-01-06,world,TV,3,Man on Fire
2026-01-06,world,TV,4,Pitch Perfect
2026-01-06,world,TV,5,Pitch Perfect 2
2026-01-06,world,TV,6,Ford v Ferrari
2026-01-06,world,TV,7,Spider-Man: Into the Spider-Verse
2026-01-06,world,TV,8,KPop Demon Hunters
2026-01-06,world,TV,9,The Bad Guys
2026-01-06,world,TV,10,Just Go with It
2026-01-07,world,TV,1,Evil Influencer: The Jodi Hildebrandt Story
2026-01-07,world,TV,2,Priscilla
2026-01-07,world,TV,3,Man on Fire
2026-01-07,world,TV,4,Pitch Perfect
2026-01-07,world,TV,5,Just Go with It
2026-01-07,world,TV,6,Ford v Ferrari
2026-01-07,world,TV,7,The Bad Guys
2026-01-07,world,TV,8,Pitch Perfect 2
2026-01-07,world,TV,9,Spider-Man: Into the Spider-Verse
2026-01-07,world,TV,10,KPop Demon Hunters
2026-01-08,world,TV,1,Evil Influencer: The Jodi Hildebrandt Story
2026-01-08,world,TV,2,Priscilla
2026-01-08,world,TV,3,The Bad Guys
2026-01-08,world,TV,4,Pitch Perfect
2026-01-08,world,TV,5,Just Go with It
2026-01-08,world,TV,6,Man on Fire
2026-01-08,world,TV,7,KPop Demon Hunters
2026-01-08,world,TV,8,Ford v Ferrari
2026-01-08,world,TV,9,Pitch Perfect 2
2026-01-08,world,TV,10,Spider-Man: Into the Spider-Verse
2026-01-09,world,TV,1,Evil Influencer: The Jodi Hildebrandt Story
2026-01-09,world,TV,2,The Bad Guys
2026-01-09,world,TV,3,Priscilla
2026-01-09,world,TV,4,Just Go with It
2026-01-09,world,TV,5,Soul on Fire
2026-01-09,world,TV,6,Pitch Perfect
2026-01-09,world,TV,7,KPop Demon Hunters
2026-01-09,world,TV,8,Pitch Perfect 2
2026-01-09,world,TV,9,Spider-Man: Into the Spider-Verse
2026-01-09,world,TV,10,Man on Fire
2026-01-10,world,TV,1,People We Meet on Vacation
2026-01-10,world,TV,2,Evil Influencer: The Jodi Hildebrandt Story
2026-01-10,world,TV,3,The Bad Guys
2026-01-10,world,TV,4,Soul on Fire
2026-01-10,world,TV,5,KPop Demon Hunters
2026-01-10,world,TV,6,Just Go with It
2026-01-10,world,TV,7,Pitch Perfect
2026-01-10,world,TV,8,Priscilla
2026-01-10,world,TV,9,Spider-Man: Into the Spider-Verse
2026-01-10,world,TV,10,Man on Fire
2026-01-11,world,TV,1,People We Meet on Vacation
2026-01-11,world,TV,2,Soul on Fire
2026-01-11,world,TV,3,The Bad Guys
2026-01-11,world,TV,4,Evil Influencer: The Jodi Hildebrandt Story
2026-01-11,world,TV,5,KPop Demon Hunters
2026-01-11,world,TV,6,Just Go with It
2026-01-11,world,TV,7,Spider-Man: Into the Spider-Verse
2026-01-11,world,TV,8,Stone Cold Fox
2026-01-11,world,TV,9,Pitch Perfect
2026-01-11,world,TV,10,Lone Survivor
2026-01-12,world,TV,1,People We Meet on Vacation
2026-01-12,world,TV,2,Soul on Fire
2026-01-12,world,TV,3,The Bad Guys
2026-01-12,world,TV,4,Lone Survivor
2026-01-12,world,TV,5,Stone Cold Fox
2026-01-12,world,TV,6,KPop Demon Hunters
2026-01-12,world,TV,7,Evil Influencer: The Jodi Hildebrandt Story
2026-01-12,world,TV,8,Just Go with It
2026-01-12,world,TV,9,Spider-Man: Into the Spider-Verse
2026-01-12,world,TV,10,Pitch Perfect
2026-01-13,world,TV,1,People We Meet on Vacation
2026-01-13,world,TV,2,One Last Adventure: The Making of Stranger Things 5
2026-01-13,world,TV,3,Soul on Fire
2026-01-13,world,TV,4,KPop Demon Hunters
2026-01-13,world,TV,5,The Bad Guys
2026-01-13,world,TV,6,Stone Cold Fox
2026-01-13,world,TV,7,Lone Survivor
2026-01-13,world,TV,8,Bob Marley: One Love
2026-01-13,world,TV,9,Evil Influencer: The Jodi Hildebrandt Story
2026-01-13,world,TV,10,Spider-Man: Into the Spider-Verse
2026-01-14,world,TV,1,People We Meet on Vacation
2026-01-14,world,TV,2,One Last Adventure: The Making of Stranger Things 5
2026-01-14,world,TV,3,Soul on Fire
2026-01-14,world,TV,4,KPop Demon Hunters
2026-01-14,world,TV,5,The Bad Guys
2026-01-14,world,TV,6,Stone Cold Fox
2026-01-14,world,TV,7,Bob Marley: One Love
2026-01-14,world,TV,8,Lone Survivor
2026-01-14,world,TV,9,Spider-Man: Into the Spider-Verse
2026-01-14,world,TV,10,Evil Influencer: The Jodi Hildebrandt Story
2026-01-15,world,TV,1,People We Meet on Vacation
2026-01-15,world,TV,2,One Last Adventure: The Making of Stranger Things 5
2026-01-15,world,TV,3,Soul on Fire
2026-01-15,world,TV,4,KPop Demon Hunters
2026-01-15,world,TV,5,The Bad Guys
2026-01-15,world,TV,6,Stone Cold Fox
2026-01-15,world,TV,7,Bob Marley: One Love
2026-01-15,world,TV,8,Lone Survivor
2026-01-15,world,TV,9,Spider-Man: Into the Spider-Verse
2026-01-15,world,TV,10,Evil Influencer: The Jodi Hildebrandt Story
2026-01-16,world,TV,1,People We Meet on Vacation
2026-01-16,world,TV,2,Suitcase Killer: The Melanie McGuire Story
2026-01-16,world,TV,3,An Unexpected Valentine
2026-01-16,world,TV,4,KPop Demon Hunters
2026-01-16,world,TV,5,Amish Stud: The Eli Weaver Story
2026-01-16,world,TV,6,One Last Adventure: The Making of Stranger Things 5
2026-01-16,world,TV,7,Bone Lake
2026-01-16,world,TV,8,Soul on Fire
2026-01-16,world,TV,9,The Bad Guys
2026-01-16,world,TV,10,Spider-Man: Into the Spider-Verse
2026-01-17,world,TV,1,The Rip
2026-01-17,world,TV,2,People We Meet on Vacation
2026-01-17,world,TV,3,Suitcase Killer: The Melanie McGuire Story
2026-01-17,world,TV,4,An Unexpected Valentine
2026-01-17,world,TV,5,KPop Demon Hunters
2026-01-17,world,TV,6,Bone Lake
2026-01-17,world,TV,7,Amish Stud: The Eli Weaver Story
2026-01-17,world,TV,8,The Bad Guys
2026-01-17,world,TV,9,One Last Adventure: The Making of Stranger Things 5
2026-01-17,world,TV,10,The Royal We
2026-01-18,world,TV,1,The Rip
2026-01-18,world,TV,2,Suitcase Killer: The Melanie McGuire Story
2026-01-18,world,TV,3,People We Meet on Vacation
2026-01-18,world,TV,4,An Unexpected Valentine
2026-01-18,world,TV,5,KPop Demon Hunters
2026-01-18,world,TV,6,Bone Lake
2026-01-18,world,TV,7,The Royal We
2026-01-18,world,TV,8,Amish Stud: The Eli Weaver Story
2026-01-18,world,TV,9,The Bad Guys
2026-01-18,world,TV,10,Spider-Man: Into the Spider-Verse
2026-01-19,world,TV,1,The Rip
2026-01-19,world,TV,2,Suitcase Killer: The Melanie McGuire Story
2026-01-19,world,TV,3,People We Meet on Vacation
2026-01-19,world,TV,4,An Unexpected Valentine
2026-01-19,world,TV,5,Amish Stud: The Eli Weaver Story
2026-01-19,world,TV,6,Bone Lake
2026-01-19,world,TV,7,KPop Demon Hunters
2026-01-19,world,TV,8,The Royal We
2026-01-19,world,TV,9,A Big Bold Beautiful Journey
2026-01-19,world,TV,10,"Sisterhood, Inc."
2026-01-20,world,TV,1,The Rip
2026-01-20,world,TV,2,Suitcase Killer: The Melanie McGuire Story
2026-01-20,world,TV,3,People We Meet on Vacation
2026-01-20,world,TV,4,An Unexpected Valentine
2026-01-20,world,TV,5,Amish Stud: The Eli Weaver Story
2026-01-20,world,TV,6,Bone Lake
2026-01-20,world,TV,7,KPop Demon Hunters
2026-01-20,world,TV,8,The Royal We
2026-01-20,world,TV,9,A Big Bold Beautiful Journey
2026-01-20,world,TV,10,"Sisterhood, Inc."
2026-01-21,world,TV,1,The Rip
2026-01-21,world,TV,2,Suitcase Killer: The Melanie McGuire Story
2026-01-21,world,TV,3,People We Meet on Vacation
2026-01-21,world,TV,4,Amish Stud: The Eli Weaver Story
2026-01-21,world,TV,5,KPop Demon Hunters
2026-01-21,world,TV,6,The Royal We
2026-01-21,world,TV,7,Bone Lake
2026-01-21,world,TV,8,An Unexpected Valentine
2026-01-21,world,TV,9,"Sisterhood, Inc."
2026-01-21,world,TV,10,Spider-Man: Into the Spider-Verse
2026-01-22,world,TV,1,The Rip
2026-01-22,world,TV,2,Kidnapped: Elizabeth Smart
2026-01-22,world,TV,3,No Time to Die
2026-01-22,world,TV,4,Suitcase Killer: The Melanie McGuire Story
2026-01-22,world,TV,5,People We Meet on Vacation
2026-01-22,world,TV,6,KPop Demon Hunters
2026-01-22,world,TV,7,SPECTRE
2026-01-22,world,TV,8,Amish Stud: The Eli Weaver Story
2026-01-22,world,TV,9,The Royal We
2026-01-22,world,TV,10,Bone Lake
2026-01-23,world,TV,1,The Rip
2026-01-23,world,TV,2,Kidnapped: Elizabeth Smart
2026-01-23,world,TV,3,No Time to Die
2026-01-23,world,TV,4,SPECTRE
2026-01-23,world,TV,5,Suitcase Killer: The Melanie McGuire Story
2026-01-23,world,TV,6,People We Meet on Vacation
2026-01-23,world,TV,7,KPop Demon Hunters
2026-01-23,world,TV,8,Amish Stud: The Eli Weaver Story
2026-01-23,world,TV,9,The Royal We
2026-01-23,world,TV,10,Skyfall
2026-01-24,world,TV,1,The Rip
2026-01-24,world,TV,2,Kidnapped: Elizabeth Smart
2026-01-24,world,TV,3,No Time to Die
2026-01-24,world,TV,4,People We Meet on Vacation
2026-01-24,world,TV,5,Suitcase Killer: The Melanie McGuire Story
2026-01-24,world,TV,6,SPECTRE
2026-01-24,world,TV,7,KPop Demon Hunters
2026-01-24,world,TV,8,Secret Mall Apartment
2026-01-24,world,TV,9,Amish Stud: The Eli Weaver Story
2026-01-24,world,TV,10,Spider-Man: Into the Spider-Verse
2026-01-25,world,TV,1,The Rip
2026-01-25,world,TV,2,Kidnapped: Elizabeth Smart
2026-01-25,world,TV,3,No Time to Die
2026-01-25,world,TV,4,People We Meet on Vacation
2026-01-25,world,TV,5,Suitcase Killer: The Melanie McGuire Story
2026-01-25,world,TV,6,SPECTRE
2026-01-25,world,TV,7,KPop Demon Hunters
2026-01-25,world,TV,8,Secret Mall Apartment
2026-01-25,world,TV,9,Amish Stud: The Eli Weaver Story
2026-01-25,world,TV,10,Spider-Man: Into the Spider-Verse
2026-01-26,world,TV,1,The Rip
2026-01-26,world,TV,2,Kidnapped: Elizabeth Smart
2026-01-26,world,TV,3,No Time to Die
2026-01-26,world,TV,4,People We Meet on Vacation
2026-01-26,world,TV,5,Secret Mall Apartment
2026-01-26,world,TV,6,Suitcase Killer: The Melanie McGuire Story
2026-01-26,world,TV,7,KPop Demon Hunters
2026-01-26,world,TV,8,SPECTRE
2026-01-26,world,TV,9,Eleanor the Great
2026-01-26,world,TV,10,Spider-Man: Into the Spider-Verse
2026-01-27,world,TV,1,M3GAN 2.0
2026-01-27,world,TV,2,The Rip
2026-01-27,world,TV,3,Kidnapped: Elizabeth Smart
2026-01-27,world,TV,4,Secret Mall Apartment
2026-01-27,world,TV,5,No Time to Die
2026-01-27,world,TV,6,People We Meet on Vacation
2026-01-27,world,TV,7,KPop Demon Hunters
2026-01-27,world,TV,8,Suitcase Killer: The Melanie McGuire Story
2026-01-27,world,TV,9,SPECTRE
2026-01-27,world,TV,10,Spider-Man: Into the Spider-Verse
2026-01-28,world,TV,1,M3GAN 2.0
2026-01-28,world,TV,2,Kidnapped: Elizabeth Smart
2026-01-28,world,TV,3,The Rip
2026-01-28,world,TV,4,Secret Mall Apartment
2026-01-28,world,TV,5,No Time to Die
2026-01-28,world,TV,6,KPop Demon Hunters
2026-01-28,world,TV,7,People We Meet on Vacation
2026-01-28,world,TV,8,Eleanor the Great
2026-01-28,world,TV,9,Suitcase Killer: The Melanie McGuire Story
2026-01-28,world,TV,10,Spider-Man: Into the Spider-Verse
2026-01-29,world,TV,1,M3GAN 2.0
2026-01-29,world,TV,2,Kidnapped: Elizabeth Smart
2026-01-29,world,TV,3,The Rip
2026-01-29,world,TV,4,Secret Mall Apartment
2026-01-29,world,TV,5,KPop Demon Hunters
2026-01-29,world,TV,6,No Time to Die
2026-01-29,world,TV,7,People We Meet on Vacation
2026-01-29,world,TV,8,Eleanor the Great
2026-01-29,world,TV,9,Spider-Man: Into the Spider-Verse
2026-01-29,world,TV,10,Suitcase Killer: The Melanie McGuire Story
2026-01-30,world,TV,1,M3GAN 2.0
2026-01-30,world,TV,2,The Rip
2026-01-30,world,TV,3,Kidnapped: Elizabeth Smart
2026-01-30,world,TV,4,Secret Mall Apartment
2026-01-30,world,TV,5,KPop Demon Hunters
2026-01-30,world,TV,6,No Time to Die
2026-01-30,world,TV,7,People We Meet on Vacation
2026-01-30,world,TV,8,Eleanor the Great
2026-01-30,world,TV,9,Don't Let's Go to the Dogs Tonight
2026-01-30,world,TV,10,Spider-Man: Into the Spider-Verse
2026-01-31,world,TV,1,The Rip
2026-01-31,world,TV,2,M3GAN 2.0
2026-01-31,world,TV,3,Kidnapped: Elizabeth Smart
2026-01-31,world,TV,4,Miracle: The Boys of '80
2026-01-31,world,TV,5,Secret Mall Apartment
2026-01-31,world,TV,6,KPop Demon Hunters
2026-01-31,world,TV,7,Dhurandhar
2026-01-31,world,TV,8,People We Meet on Vacation
2026-01-31,world,TV,9,No Time to Die
2026-01-31,world,TV,10,Eleanor the Great
2026-02-01,world,TV,1,The Rip
2026-02-01,world,TV,2,M3GAN 2.0
2026-02-01,world,TV,3,Kidnapped: Elizabeth Smart
2026-02-01,world,TV,4,KPop Demon Hunters
2026-02-01,world,TV,5,Miracle: The Boys of '80
2026-02-01,world,TV,6,Secret Mall Apartment
2026-02-01,world,TV,7,People We Meet on Vacation
2026-02-01,world,TV,8,Becoming
2026-02-01,world,TV,9,Shakespeare in Love
2026-02-01,world,TV,10,No Time to Die
2026-07-06,united-states,TV,1,Enola Holmes 3
2026-07-06,united-states,TV,2,Little Brother
2026-07-06,united-states,TV,3,Voicemails for Isabelle
2026-07-06,united-states,TV,4,Spider-Man: Homecoming
2026-07-06,united-states,TV,5,Old Henry
2026-07-06,united-states,TV,6,Gone Girl
2026-07-06,united-states,TV,7,Hunting Housewives
2026-07-06,united-states,TV,8,White Chicks
2026-07-06,united-states,TV,9,The Boss Baby
2026-07-06,united-states,TV,10,Minions: The Rise of Gru
2026-07-06,united-states,TV,11,Worst Neighbor Ever
2026-07-06,united-states,TV,12,I Will Find You
2026-07-06,united-states,TV,13,Sullivan's Crossing
2026-07-06,united-states,TV,14,Avatar the Last Airbender
2026-07-06,united-states,TV,15,Salish & Jordan Matter
2026-07-06,united-states,TV,16,Survival of the Thickest
2026-07-06,united-states,TV,17,Agent Kim Reactivated
2026-07-06,united-states,TV,18,Dark Winds
2026-07-06,united-states,TV,19,The Polygamist
2026-07-06,united-states,TV,20,Louis C.K.: Ridiculous
2026-07-06,united-states,TV,21,The Boss Baby
2026-07-06,united-states,TV,22,Minions: The Rise of Gru
2026-07-06,united-states,TV,23,Charlie and the Chocolate Factory
2026-07-06,united-states,TV,24,A Dog's Purpose
2026-07-06,united-states,TV,25,Despicable Me 3
2026-07-06,united-states,TV,26,KPop Demon Hunters
2026-07-06,united-states,TV,27,GOAT
2026-07-06,united-states,TV,28,Home
2026-07-06,united-states,TV,29,A Dog's Journey
2026-07-06,united-states,TV,30,The Secret Life of Pets
2026-07-06,united-states,TV,31,Salish & Jordan Matter
2026-07-06,united-states,TV,32,Ms. Rachel
2026-07-06,united-states,TV,33,Danny Go!
2026-07-06,united-states,TV,34,Bebefinn
2026-07-06,united-states,TV,35,Paw Patrol
2026-07-06,united-states,TV,36,Sesame Street
2026-07-06,united-states,TV,37,Little Angel
2026-07-06,united-states,TV,38,Detetive Labrador
2026-07-06,united-states,TV,39,Avatar: The Last Airbender
2026-07-06,united-states,TV,40,Peppa Pig
2026-07-07,united-states,TV,1,Enola Holmes 3
2026-07-07,united-states,TV,2,Old Henry
2026-07-07,united-states,TV,3,Spider-Man: Homecoming
2026-07-07,united-states,TV,4,Voicemails for Isabelle
2026-07-07,united-states,TV,5,White Chicks
2026-07-07,united-states,TV,6,Little Brother
2026-07-07,united-states,TV,7,Gone Girl
2026-07-07,united-states,TV,8,The Boss Baby
2026-07-07,united-states,TV,9,Charlie and the Chocolate Factory
2026-07-07,united-states,TV,10,Hunting Housewives
2026-07-07,united-states,TV,11,Raw
2026-07-07,united-states,TV,12,Worst Neighbor Ever
2026-07-07,united-states,TV,13,I Will Find You
2026-07-07,united-states,TV,14,Sullivan's Crossing
2026-07-07,united-states,TV,15,Avatar the Last Airbender
2026-07-07,united-states,TV,16,Salish & Jordan Matter
2026-07-07,united-states,TV,17,Survival of the Thickest
2026-07-07,united-states,TV,18,Dark Winds
2026-07-07,united-states,TV,19,The Polygamist
2026-07-07,united-states,TV,20,Agent Kim Reactivated
2026-07-07,united-states,TV,21,The Boss Baby
2026-07-07,united-states,TV,22,Charlie and the Chocolate Factory
2026-07-07,united-states,TV,23,Minions: The Rise of Gru
2026-07-07,united-states,TV,24,Despicable Me 3
2026-07-07,united-states,TV,25,A Dog's Purpose
2026-07-07,united-states,TV,26,KPop Demon Hunters
2026-07-07,united-states,TV,27,GOAT
2026-07-07,united-states,TV,28,Home
2026-07-07,united-states,TV,29,The Secret Life of Pets
2026-07-07,united-states,TV,30,Sing
2026-07-07,united-states,TV,31,Salish & Jordan Matter
2026-07-07,united-states,TV,32,Ms. Rachel
2026-07-07,united-states,TV,33,Danny Go!
2026-07-07,united-states,TV,34,Bebefinn
2026-07-07,united-states,TV,35,Paw Patrol
2026-07-07,united-states,TV,36,Little Angel
2026-07-07,united-states,TV,37,Detetive Labrador
2026-07-07,united-states,TV,38,Sesame Street
2026-07-07,united-states,TV,39,Victorious
2026-07-07,united-states,TV,40,Henry Danger
2026-07-08,united-states,TV,1,Old Henry
2026-07-08,united-states,TV,2,Enola Holmes 3
2026-07-08,united-states,TV,3,White Chicks
2026-07-08,united-states,TV,4,Spider-Man: Homecoming
2026-07-08,united-states,TV,5,Voicemails for Isabelle
2026-07-08,united-states,TV,6,The Boss Baby
2026-07-08,united-states,TV,7,Gone Girl
2026-07-08,united-states,TV,8,Little Brother
2026-07-08,united-states,TV,9,Charlie and the Chocolate Factory
2026-07-08,united-states,TV,10,Hunting Housewives
2026-07-08,united-states,TV,11,Worst Neighbor Ever
2026-07-08,united-states,TV,12,I Will Find You
2026-07-08,united-states,TV,13,Raw
2026-07-08,united-states,TV,14,Sullivan's Crossing
2026-07-08,united-states,TV,15,Avatar the Last Airbender
2026-07-08,united-states,TV,16,Salish & Jordan Matter
2026-07-08,united-states,TV,17,Dark Winds
2026-07-08,united-states,TV,18,Survival of the Thickest
2026-07-08,united-states,TV,19,Jeff Arcuri: Nice to Meet You
2026-07-08,united-states,TV,20,The Polygamist
2026-07-08,united-states,TV,21,The Boss Baby
2026-07-08,united-states,TV,22,Charlie and the Chocolate Factory
2026-07-08,united-states,TV,23,Minions: The Rise of Gru
2026-07-08,united-states,TV,24,Despicable Me 3
2026-07-08,united-states,TV,25,KPop Demon Hunters
2026-07-08,united-states,TV,26,A Dog's Purpose
2026-07-08,united-states,TV,27,Home
2026-07-08,united-states,TV,28,GOAT
2026-07-08,united-states,TV,29,The Secret Life of Pets
2026-07-08,united-states,TV,30,Sing
2026-07-08,united-states,TV,31,Salish & Jordan Matter
2026-07-08,united-states,TV,32,Ms. Rachel
2026-07-08,united-states,TV,33,Danny Go!
2026-07-08,united-states,TV,34,Bebefinn
2026-07-08,united-states,TV,35,Paw Patrol
2026-07-08,united-states,TV,36,Detetive Labrador
2026-07-08,united-states,TV,37,Victorious
2026-07-08,united-states,TV,38,Sesame Street
2026-07-08,united-states,TV,39,Henry Danger
2026-07-08,united-states,TV,40,Peppa Pig
2026-07-09,united-states,TV,1,Old Henry
2026-07-09,united-states,TV,2,Enola Holmes 3
2026-07-09,united-states,TV,3,White Chicks
2026-07-09,united-states,TV,4,Spider-Man: Homecoming
2026-07-09,united-states,TV,5,Voicemails for Isabelle
2026-07-09,united-states,TV,6,The Boss Baby
2026-07-09,united-states,TV,7,Gone Girl
2026-07-09,united-states,TV,8,Little Brother
2026-07-09,united-states,TV,9,Charlie and the Chocolate Factory
2026-07-09,united-states,TV,10,Hunting Housewives
2026-07-09,united-states,TV,11,Worst Neighbor Ever
2026-07-09,united-states,TV,12,I Will Find You
2026-07-09,united-states,TV,13,Raw
2026-07-09,united-states,TV,14,Sullivan's Crossing
2026-07-09,united-states,TV,15,Avatar the Last Airbender
2026-07-09,united-states,TV,16,Salish & Jordan Matter
2026-07-09,united-states,TV,17,Dark Winds
2026-07-09,united-states,TV,18,Survival of the Thickest
2026-07-09,united-states,TV,19,Jeff Arcuri: Nice to Meet You
2026-07-09,united-states,TV,20,The Polygamist
2026-07-09,united-states,TV,21,The Boss Baby
2026-07-09,united-states,TV,22,Charlie and the Chocolate Factory
2026-07-09,united-states,TV,23,Minions: The Rise of Gru
2026-07-09,united-states,TV,24,Despicable Me 3
2026-07-09,united-states,TV,25,KPop Demon Hunters
2026-07-09,united-states,TV,26,A Dog's Purpose
2026-07-09,united-states,TV,27,Home
2026-07-09,united-states,TV,28,GOAT
2026-07-09,united-states,TV,29,The Secret Life of Pets
2026-07-09,united-states,TV,30,Sing
2026-07-09,united-states,TV,31,Salish & Jordan Matter
2026-07-09,united-states,TV,32,Ms. Rachel
2026-07-09,united-states,TV,33,Danny Go!
2026-07-09,united-states,TV,34,Bebefinn
2026-07-09,united-states,TV,35,Paw Patrol
2026-07-09,united-states,TV,36,Detetive Labrador
2026-07-09,united-states,TV,37,Victorious
2026-07-09,united-states,TV,38,Sesame Street
2026-07-09,united-states,TV,39,Henry Danger
2026-07-09,united-states,TV,40,Peppa Pig
